CREATE EXTENSION IF NOT EXISTS "uuid-ossp";

drop table public.users;
drop table public.user_role;

CREATE TABLE public.user_role (
	id VARCHAR(50) primary key not NULL,
	role_name varchar(30) NOT NULL,
	role_code varchar(30) NOT NULL,
	created_by varchar(36) NOT NULL,
	created_at timestamp NOT NULL,
	updated_by varchar(36) NULL,
	updated_at timestamp NULL,
	"version" int4 default 0,
	is_active bool default true,
	CONSTRAINT role_bk UNIQUE (role_code)
);

CREATE TABLE public.users (
	id varchar(50) PRIMARY KEY not NULL,
	username varchar(50) NOT NULL,
	"password" varchar(225) NOT NULL,
	role_id varchar(36) NOT NULL,
	image varchar(225) NULL,
	created_by varchar(36) NOT NULL,
	created_at timestamp NOT NULL,
	updated_by varchar(36) NULL,
	updated_at timestamp NULL,
	"version" int4 default 0,
	is_active bool default true,
	CONSTRAINT user_bk UNIQUE (username)
);

CREATE TABLE public.question_type (
	id varchar(50) PRIMARY KEY not NULL,
	type_code varchar(50) NOT NULL,
	type_name varchar(225) NOT NULL,
	created_by varchar(36) NOT NULL,
	created_at timestamp NOT NULL,
	updated_by varchar(36) NULL,
	updated_at timestamp NULL,
	"version" int4 default 0,
	is_active bool default true,
	CONSTRAINT question_type_bk UNIQUE (type_code)
);

CREATE TABLE public.question (
	id varchar(50) PRIMARY KEY not NULL,
	question text NOT NULL,
	question_type_id varchar(36) not null,
	created_by varchar(36) NOT NULL,
	created_at timestamp NOT NULL,
	updated_by varchar(36) NULL,
	updated_at timestamp NULL,
	"version" int4 default 0,
	is_active bool default true,
	CONSTRAINT question_type_fk foreign KEY (question_type_id) references question_type(id)
);

CREATE TABLE public.answer (
	id varchar(50) PRIMARY KEY not NULL,
	answer varchar(50) NOT NULL,
	value varchar(36),
	question_id varchar(36) not null,
	created_by varchar(36) NOT NULL,
	created_at timestamp NOT NULL,
	updated_by varchar(36) NULL,
	updated_at timestamp NULL,
	"version" int4 default 0,
	is_active bool default true,
	CONSTRAINT question_fk foreign KEY (question_id) references question(id)
);

insert into public.user_role (id, role_name, role_code, created_by, created_at) values
	('559f0844-ef9b-4ed7-bf0d-71fb8465bU01', 'Admin', 'U01', 'Admin', NOW()),
	('559f0844-ef9b-4ed7-bf0d-71fb8465bU02', 'User', 'U02', 'Admin', NOW());
	
insert into question_type (id, type_code, type_name, created_by, created_at) values
	('559f0844-ef9b-4ed7-bf0d-71fb8465bQ01', 'Q01', 'Kepribadian', 'Admin', NOW());
	
insert into question (id, question, question_type_id, created_by, created_at) values
	('559f0844-ef9b-4ed7-bf0d-71fb8465b001','Menyelesaikan tugas dengan seadanya lebih baik daripada tidak disiplin.','559f0844-ef9b-4ed7-bf0d-71fb8465bQ01', 'Admin', NOW()),
('559f0844-ef9b-4ed7-bf0d-71fb8465b002',' Saya lebih baik mengerjakan tugas yang baru daripada tugas yang rutin dan membosankan.','559f0844-ef9b-4ed7-bf0d-71fb8465bQ01', 'Admin', NOW()),
('559f0844-ef9b-4ed7-bf0d-71fb8465b003','Meluapkan kemarahan lebih baik daripada selalu bersikap baik di depannya.','559f0844-ef9b-4ed7-bf0d-71fb8465bQ01', 'Admin', NOW()),
('559f0844-ef9b-4ed7-bf0d-71fb8465b004','Menolong agar dilihat orang banyak lebih baik daripada mengorbankan diri sendiri.','559f0844-ef9b-4ed7-bf0d-71fb8465bQ01', 'Admin', NOW()),
('559f0844-ef9b-4ed7-bf0d-71fb8465b005','Ketika mengendarai mobil, saya memberikan kesempatan orang yang menyeberang meskipun saya sudah telat masuk kantor.','559f0844-ef9b-4ed7-bf0d-71fb8465bQ01', 'Admin', NOW()),
('559f0844-ef9b-4ed7-bf0d-71fb8465b006',' Lebih baik menegur dengan tegas kepada orang yang salah memanggil nama saya daripada dia selalu salah memanggil saya.','559f0844-ef9b-4ed7-bf0d-71fb8465bQ01', 'Admin', NOW()),
('559f0844-ef9b-4ed7-bf0d-71fb8465b007','Datang ke pernikahan teman dengan hadiah yang murah lebih baik daripada mendoakannya saja lewat sosial media.','559f0844-ef9b-4ed7-bf0d-71fb8465bQ01', 'Admin', NOW()),
('559f0844-ef9b-4ed7-bf0d-71fb8465b008',' Saya sering berkeringat dingin karena khawatir berbicara di depan banyak orang karena sakit perut.','559f0844-ef9b-4ed7-bf0d-71fb8465bQ01', 'Admin', NOW()),
('559f0844-ef9b-4ed7-bf0d-71fb8465b009','Mendekati ujian yang penting, saya lebih memilih mengunci pintu kamar dan belajar dengan serius.','559f0844-ef9b-4ed7-bf0d-71fb8465bQ01', 'Admin', NOW()),
('559f0844-ef9b-4ed7-bf0d-71fb8465b010',' Saya lebih suka mengikuti perkembangan perceraian artis favorit daripada perkembangan berita bencana alam.','559f0844-ef9b-4ed7-bf0d-71fb8465bQ01', 'Admin', NOW()),
('559f0844-ef9b-4ed7-bf0d-71fb8465b011','Lebih baik menerima gaji lebih banyak bulan ini daripada bulan depan. Lebih baik dianggap lemah daripada membalas hinaan teman. Ketika sedih, saya lebih suka menyendiri daripada bercerita kepada teman.','559f0844-ef9b-4ed7-bf0d-71fb8465bQ01', 'Admin', NOW()),
('559f0844-ef9b-4ed7-bf0d-71fb8465b012',' 12. Saya lebih suka mengerjakan pekerjaan yang rutin daripada pekerjaan yang dianggap sulit banyak orang.','559f0844-ef9b-4ed7-bf0d-71fb8465bQ01', 'Admin', NOW()),
('559f0844-ef9b-4ed7-bf0d-71fb8465b013',' 13. Saya lebih suka memprotes ketika ada pekerjaan yang tidak sesuai kesepakatan daripada mendiamkannya.','559f0844-ef9b-4ed7-bf0d-71fb8465bQ01', 'Admin', NOW()),
('559f0844-ef9b-4ed7-bf0d-71fb8465b014',' 14. Belajar bahasa daerah ketika ditugaskan di daerah yang baru lebih baik daripada tidak berkomunikasi.','559f0844-ef9b-4ed7-bf0d-71fb8465bQ01', 'Admin', NOW()),
('559f0844-ef9b-4ed7-bf0d-71fb8465b015',' 15. Saya sering berkeringat dingin karena sakit perut daripada karena berbicara di depan banyak orang.','559f0844-ef9b-4ed7-bf0d-71fb8465bQ01', 'Admin', NOW()),
('559f0844-ef9b-4ed7-bf0d-71fb8465b016',' 16. Ketika disangka melakukan kesalahan, saya akan marah daripada mencari tahu kesalahannya.','559f0844-ef9b-4ed7-bf0d-71fb8465bQ01', 'Admin', NOW()),
('559f0844-ef9b-4ed7-bf0d-71fb8465b017','Saya lebih suka pekerjaan yang tidak diawasi secara langsung daripada pekerjaan yang diawasi langsung.','559f0844-ef9b-4ed7-bf0d-71fb8465bQ01', 'Admin', NOW()),
('559f0844-ef9b-4ed7-bf0d-71fb8465b018','Saya lebih suka pekerjaan yang diberikan ketentuan pengerjaannya daripada pekerjaan yang dibebaskan tanpa ketentuan.','559f0844-ef9b-4ed7-bf0d-71fb8465bQ01', 'Admin', NOW()),
('559f0844-ef9b-4ed7-bf0d-71fb8465b019',' Belanja di mini market lebih disukai daripada belanja di warung. Saya menghindari debat daripada adu argumen yang membuat suasana menjadi panas.','559f0844-ef9b-4ed7-bf0d-71fb8465bQ01', 'Admin', NOW()),
('559f0844-ef9b-4ed7-bf0d-71fb8465b020','Mempersiapkan peralatan acara lebih baik daripada memberikan sambutan.','559f0844-ef9b-4ed7-bf0d-71fb8465bQ01', 'Admin', NOW()),
('559f0844-ef9b-4ed7-bf0d-71fb8465b021','Menggunakan waktu luang untuk kegiatan sosial lebih baik daripada berkumpul dengan teman. ','559f0844-ef9b-4ed7-bf0d-71fb8465bQ01', 'Admin', NOW()),
('559f0844-ef9b-4ed7-bf0d-71fb8465b022',' Saya merasa tenang dalam situasi panik.','559f0844-ef9b-4ed7-bf0d-71fb8465bQ01', 'Admin', NOW()),
('559f0844-ef9b-4ed7-bf0d-71fb8465b023',' Saya sangat terbuka.','559f0844-ef9b-4ed7-bf0d-71fb8465bQ01', 'Admin', NOW()),
('559f0844-ef9b-4ed7-bf0d-71fb8465b024',' Mengorbankan diri sendiri lebih baik daripada menolong dengan pamrih.','559f0844-ef9b-4ed7-bf0d-71fb8465bQ01', 'Admin', NOW()),
('559f0844-ef9b-4ed7-bf0d-71fb8465b025','Saya merasa nyaman bersama orang-orang.','559f0844-ef9b-4ed7-bf0d-71fb8465bQ01', 'Admin', NOW()),
('559f0844-ef9b-4ed7-bf0d-71fb8465b026','Saya cenderung berpikir untuk menerima skenario terburuk.','559f0844-ef9b-4ed7-bf0d-71fb8465bQ01', 'Admin', NOW()),
('559f0844-ef9b-4ed7-bf0d-71fb8465b027',' Masuk kantor tepat waktu lebih baik daripada menolong orang yang kesulitan di jalan ketika berangkat ke kantor.','559f0844-ef9b-4ed7-bf0d-71fb8465bQ01', 'Admin', NOW()),
('559f0844-ef9b-4ed7-bf0d-71fb8465b028','Saya lebih percaya pada perasaan saya dalam mengambil keputusan.','559f0844-ef9b-4ed7-bf0d-71fb8465bQ01', 'Admin', NOW()),
('559f0844-ef9b-4ed7-bf0d-71fb8465b029','Saya suka mengambil inisiatif.','559f0844-ef9b-4ed7-bf0d-71fb8465bQ01', 'Admin', NOW()),
('559f0844-ef9b-4ed7-bf0d-71fb8465b030','Saya suka menjadi terkenal.','559f0844-ef9b-4ed7-bf0d-71fb8465bQ01', 'Admin', NOW()),
('559f0844-ef9b-4ed7-bf0d-71fb8465b031','Saya lebih suka contoh nyata daripada teori.','559f0844-ef9b-4ed7-bf0d-71fb8465bQ01', 'Admin', NOW()),
('559f0844-ef9b-4ed7-bf0d-71fb8465b032',' Saya sering menolong orang lain tetapi mengabaikan kondisi saya.','559f0844-ef9b-4ed7-bf0d-71fb8465bQ01', 'Admin', NOW()),
('559f0844-ef9b-4ed7-bf0d-71fb8465b033','Saya bertipe tegas.','559f0844-ef9b-4ed7-bf0d-71fb8465bQ01', 'Admin', NOW()),
('559f0844-ef9b-4ed7-bf0d-71fb8465b034',' Saya lebih suka menyelesaikan pekerjaan mendahului jadwal.','559f0844-ef9b-4ed7-bf0d-71fb8465bQ01', 'Admin', NOW()),
('559f0844-ef9b-4ed7-bf0d-71fb8465b035',' Saya fokus pada kemungkinan di masa depan daripada kenyataan sekarang.','559f0844-ef9b-4ed7-bf0d-71fb8465bQ01', 'Admin', NOW()),
('559f0844-ef9b-4ed7-bf0d-71fb8465b036',' Saya suka menguasai orang lain.','559f0844-ef9b-4ed7-bf0d-71fb8465bQ01', 'Admin', NOW()),
('559f0844-ef9b-4ed7-bf0d-71fb8465b037','Saya berkembang dengan berani mengambil resiko.','559f0844-ef9b-4ed7-bf0d-71fb8465bQ01', 'Admin', NOW()),
('559f0844-ef9b-4ed7-bf0d-71fb8465b038','Saya cenderung menggunakan pikiran daripada perasaan saya.','559f0844-ef9b-4ed7-bf0d-71fb8465bQ01', 'Admin', NOW()),
('559f0844-ef9b-4ed7-bf0d-71fb8465b039','Saya menyelesaikan pekerjaan tepat waktu.','559f0844-ef9b-4ed7-bf0d-71fb8465bQ01', 'Admin', NOW()),
('559f0844-ef9b-4ed7-bf0d-71fb8465b040','Perhatian dan pemurah adalah pendirian saya.','559f0844-ef9b-4ed7-bf0d-71fb8465bQ01', 'Admin', NOW()),
('559f0844-ef9b-4ed7-bf0d-71fb8465b041','Saya sangat ramah.','559f0844-ef9b-4ed7-bf0d-71fb8465bQ01', 'Admin', NOW()),
('559f0844-ef9b-4ed7-bf0d-71fb8465b042','Saya sangat suka mengambil resiko.','559f0844-ef9b-4ed7-bf0d-71fb8465bQ01', 'Admin', NOW()),
('559f0844-ef9b-4ed7-bf0d-71fb8465b043',' Saya tidak peduli menjadi pusat perhatian.','559f0844-ef9b-4ed7-bf0d-71fb8465bQ01', 'Admin', NOW()),
('559f0844-ef9b-4ed7-bf0d-71fb8465b044','Saya merasa kesepian sekali.','559f0844-ef9b-4ed7-bf0d-71fb8465bQ01', 'Admin', NOW()),
('559f0844-ef9b-4ed7-bf0d-71fb8465b045','Lebih baik melayani orang lain daripada menepati janji.','559f0844-ef9b-4ed7-bf0d-71fb8465bQ01', 'Admin', NOW()),
('559f0844-ef9b-4ed7-bf0d-71fb8465b046',' Saya bersikap tegas terhadap diri saya.','559f0844-ef9b-4ed7-bf0d-71fb8465bQ01', 'Admin', NOW()),
('559f0844-ef9b-4ed7-bf0d-71fb8465b047','Lebih baik ditegur atasan di ruangannya daripada ditegur di depan banyak orang.','559f0844-ef9b-4ed7-bf0d-71fb8465bQ01', 'Admin', NOW()),
('559f0844-ef9b-4ed7-bf0d-71fb8465b048','Mengajak patungan saudara untuk pengobatan orang tua lebih baik daripada menanggung sendiri biaya orang tua.','559f0844-ef9b-4ed7-bf0d-71fb8465bQ01', 'Admin', NOW()),
('559f0844-ef9b-4ed7-bf0d-71fb8465b049','Lebih baik taat pada aturan (walaupun kurang peduli pada sesama) daripada peduli pada sesama tetapi sering melanggar aturan.','559f0844-ef9b-4ed7-bf0d-71fb8465bQ01', 'Admin', NOW()),
('559f0844-ef9b-4ed7-bf0d-71fb8465b050','Saya menangis ketika melihat foto anak yang penuh darah karena menjadi korban perang.','559f0844-ef9b-4ed7-bf0d-71fb8465bQ01', 'Admin', NOW()),
('559f0844-ef9b-4ed7-bf0d-71fb8465b051','Bekerja sama mengerjakan tugas lebih baik daripada susah payah mengerjakannya sendiri.','559f0844-ef9b-4ed7-bf0d-71fb8465bQ01', 'Admin', NOW()),
('559f0844-ef9b-4ed7-bf0d-71fb8465b052','Orang yang memperbaiki kesalahan lebih berharga dibanding orang yang berwawasan luas.','559f0844-ef9b-4ed7-bf0d-71fb8465bQ01', 'Admin', NOW()),
('559f0844-ef9b-4ed7-bf0d-71fb8465b053','Mendukung pendapat orang lain ketika berdiskusi lebih baik daripada mengeluarkan pendapat sendiri.','559f0844-ef9b-4ed7-bf0d-71fb8465bQ01', 'Admin', NOW()),
('559f0844-ef9b-4ed7-bf0d-71fb8465b054','Lebih baik tidak melanggar rambu lalu lintas meskipun terlambat datang ke acara penting.','559f0844-ef9b-4ed7-bf0d-71fb8465bQ01', 'Admin', NOW()),
('559f0844-ef9b-4ed7-bf0d-71fb8465b055','Saya merasa tidak enak ketika menegur teman yang melakukan kesalahan.','559f0844-ef9b-4ed7-bf0d-71fb8465bQ01', 'Admin', NOW()),
('559f0844-ef9b-4ed7-bf0d-71fb8465b056','Orang yang bekerja sesuai target meski melanggar aturan lebih baik daripada orang yang tidak menyelesaikan pekerjaan.','559f0844-ef9b-4ed7-bf0d-71fb8465bQ01', 'Admin', NOW()),
('559f0844-ef9b-4ed7-bf0d-71fb8465b057','Lebih baik berolahraga sepakbola daripada renang seorang diri.','559f0844-ef9b-4ed7-bf0d-71fb8465bQ01', 'Admin', NOW()),
('559f0844-ef9b-4ed7-bf0d-71fb8465b058',' Melaporkan peristiwa kejahatan lebih penting daripada melakukan kegiatan sosial.','559f0844-ef9b-4ed7-bf0d-71fb8465bQ01', 'Admin', NOW()),
('559f0844-ef9b-4ed7-bf0d-71fb8465b059',' Saya lebih sering berteman dengan orang dari beragam golongan daripada hanya berteman yang segolongan saja.','559f0844-ef9b-4ed7-bf0d-71fb8465bQ01', 'Admin', NOW()),
('559f0844-ef9b-4ed7-bf0d-71fb8465b060','Lebih baik bersikap sok kuasa daripada rakus.','559f0844-ef9b-4ed7-bf0d-71fb8465bQ01', 'Admin', NOW()),
('559f0844-ef9b-4ed7-bf0d-71fb8465b061',' Lebih baik punya banyak teman daripada punya banyak ide.','559f0844-ef9b-4ed7-bf0d-71fb8465bQ01', 'Admin', NOW()),
('559f0844-ef9b-4ed7-bf0d-71fb8465b062','Tidak bisa memimpin lebih memalukan dibanding tidak setia kawan.','559f0844-ef9b-4ed7-bf0d-71fb8465bQ01', 'Admin', NOW()),
('559f0844-ef9b-4ed7-bf0d-71fb8465b063','Menyelesaikan tugas dengan cara biasa tapi tepat waktu lebih penting daripada menyelesaikan tugas dengan kreatif tapi terlambat.','559f0844-ef9b-4ed7-bf0d-71fb8465bQ01', 'Admin', NOW()),
('559f0844-ef9b-4ed7-bf0d-71fb8465b064','Donatur amal lebih berharga daripada penemu gagasan.','559f0844-ef9b-4ed7-bf0d-71fb8465bQ01', 'Admin', NOW()),
('559f0844-ef9b-4ed7-bf0d-71fb8465b065','Bersikap kasar lebih memuakkan daripada iri hati.','559f0844-ef9b-4ed7-bf0d-71fb8465bQ01', 'Admin', NOW()),
('559f0844-ef9b-4ed7-bf0d-71fb8465b066','Mampu bekerja keras lebih penting daripada mampu bekerja sama.','559f0844-ef9b-4ed7-bf0d-71fb8465bQ01', 'Admin', NOW()),
('559f0844-ef9b-4ed7-bf0d-71fb8465b067','Memaksa orang lain lebih menjengkelkan daripada bersikap egois.','559f0844-ef9b-4ed7-bf0d-71fb8465bQ01', 'Admin', NOW()),
('559f0844-ef9b-4ed7-bf0d-71fb8465b068','Lebih baik menjadi orang yang hangat tapi kurang pandai daripada orang rajin yang kurang pandai bergaul.','559f0844-ef9b-4ed7-bf0d-71fb8465bQ01', 'Admin', NOW()),
('559f0844-ef9b-4ed7-bf0d-71fb8465b069','Lebih baik uangnya ditabung daripada diberikan kepada orang tua yang sedang sakit karena bukan tanggungan saya saja.','559f0844-ef9b-4ed7-bf0d-71fb8465bQ01', 'Admin', NOW()),
('559f0844-ef9b-4ed7-bf0d-71fb8465b070','Orang kikir lebih menyebalkan daripada orang sombong.','559f0844-ef9b-4ed7-bf0d-71fb8465bQ01', 'Admin', NOW()),
('559f0844-ef9b-4ed7-bf0d-71fb8465b071','Memberdayakan pengangguran untuk bekerja lebih baik daripada menyalahkan pemerintah yang tidak membuka lapangan pekerjaan.','559f0844-ef9b-4ed7-bf0d-71fb8465bQ01', 'Admin', NOW()),
('559f0844-ef9b-4ed7-bf0d-71fb8465b072','Lebih penting memiliki disiplin dibanding solider terhadap teman.','559f0844-ef9b-4ed7-bf0d-71fb8465bQ01', 'Admin', NOW()),
('559f0844-ef9b-4ed7-bf0d-71fb8465b073','Saya lebih suka menjadi orang yang intelek daripada orang yang ramah.','559f0844-ef9b-4ed7-bf0d-71fb8465bQ01', 'Admin', NOW()),
('559f0844-ef9b-4ed7-bf0d-71fb8465b074','Saya lebih memilih pekerjaan yang tidak diberi batas waktu daripada pekerjaan yang diberi batas waktu.','559f0844-ef9b-4ed7-bf0d-71fb8465bQ01', 'Admin', NOW()),
('559f0844-ef9b-4ed7-bf0d-71fb8465b075',' Bekerja keras untuk menyelesaikan pekerjaan sampai sakit lebih baik daripada memperpanjang waktu pengerjaan.','559f0844-ef9b-4ed7-bf0d-71fb8465bQ01', 'Admin', NOW()),
('559f0844-ef9b-4ed7-bf0d-71fb8465b076','Pengecut lebih berharga dibanding orang yang kejam.','559f0844-ef9b-4ed7-bf0d-71fb8465bQ01', 'Admin', NOW()),
('559f0844-ef9b-4ed7-bf0d-71fb8465b077','Lebih baik menghubungi orang lewat telepon daripada tatap muka.','559f0844-ef9b-4ed7-bf0d-71fb8465bQ01', 'Admin', NOW()),
('559f0844-ef9b-4ed7-bf0d-71fb8465b078',' Saya lebih menghargai orang yang ambisius daripada orang mudah menyerah.','559f0844-ef9b-4ed7-bf0d-71fb8465bQ01', 'Admin', NOW()),
('559f0844-ef9b-4ed7-bf0d-71fb8465b079','. Saya lebih suka menghabiskan waktu luang untuk tidur daripada berkumpul dengan teman-teman.','559f0844-ef9b-4ed7-bf0d-71fb8465bQ01', 'Admin', NOW()),
('559f0844-ef9b-4ed7-bf0d-71fb8465b080',' Di tempat yang baru, saya lebih sering menunggu orang berkenalan lebih dulu daripada saya yang memulai perkenalan.','559f0844-ef9b-4ed7-bf0d-71fb8465bQ01', 'Admin', NOW()),
('559f0844-ef9b-4ed7-bf0d-71fb8465b081',' Sikap tenggang rasa lebih berharga daripada sikap pantang menyerah.','559f0844-ef9b-4ed7-bf0d-71fb8465bQ01', 'Admin', NOW()),
('559f0844-ef9b-4ed7-bf0d-71fb8465b082',' Orang yang pandai bergaul lebih mengesankan daripada orang yang pandai berbicara.','559f0844-ef9b-4ed7-bf0d-71fb8465bQ01', 'Admin', NOW()),
('559f0844-ef9b-4ed7-bf0d-71fb8465b083',' Saya akan menghapus teman di media sosial jika dia berseberangan pandangan dengan saya.','559f0844-ef9b-4ed7-bf0d-71fb8465bQ01', 'Admin', NOW()),
('559f0844-ef9b-4ed7-bf0d-71fb8465b084',' Bersikap baik dengan semua orang lebih baik daripada menyuarakan keinginan pribadi.','559f0844-ef9b-4ed7-bf0d-71fb8465bQ01', 'Admin', NOW()),
('559f0844-ef9b-4ed7-bf0d-71fb8465b085',' Menjaga gengsi lebih baik daripada dianggap ramah dan tidak memiliki kharisma.','559f0844-ef9b-4ed7-bf0d-71fb8465bQ01', 'Admin', NOW()),
('559f0844-ef9b-4ed7-bf0d-71fb8465b086',' Ketika pertama bertemu, saya akan memperkenalkan diri lebih dulu daripada orang lain memperkenalkan dirinya.','559f0844-ef9b-4ed7-bf0d-71fb8465bQ01', 'Admin', NOW()),
('559f0844-ef9b-4ed7-bf0d-71fb8465b087','Mengatakan tidak bisa mengerjakan pekerjaan yang sulit lebih baik daripada mengerjakannya dengan tidak maksimal.','559f0844-ef9b-4ed7-bf0d-71fb8465bQ01', 'Admin', NOW()),
('559f0844-ef9b-4ed7-bf0d-71fb8465b088','Melakukan pekerjaan tanpa ketentuan lebih disuka daripada melakukan pekerjaan yang penuh ketentuan.','559f0844-ef9b-4ed7-bf0d-71fb8465bQ01', 'Admin', NOW()),
('559f0844-ef9b-4ed7-bf0d-71fb8465b089','Lebih baik terlambat masuk kerja untuk menolong korban tabrak lari daripada meninggalkan korban tabrak lari.','559f0844-ef9b-4ed7-bf0d-71fb8465bQ01', 'Admin', NOW()),
('559f0844-ef9b-4ed7-bf0d-71fb8465b090','Lebih baik memiliki banyak teman daripada memiliki satu teman baik saja.','559f0844-ef9b-4ed7-bf0d-71fb8465bQ01', 'Admin', NOW()),
('559f0844-ef9b-4ed7-bf0d-71fb8465b091','Lebih baik lamban daripada kerja serampangan.','559f0844-ef9b-4ed7-bf0d-71fb8465bQ01', 'Admin', NOW()),
('559f0844-ef9b-4ed7-bf0d-71fb8465b092','Mengikuti keputusan rapat tidak lebih baik daripada mengikuti pendapat pribadi.','559f0844-ef9b-4ed7-bf0d-71fb8465bQ01', 'Admin', NOW()),
('559f0844-ef9b-4ed7-bf0d-71fb8465b093','Saya lebih sering menyapa teman yang tidak sengaja ditemui di jalan daripada pura-pura tidak melihat.','559f0844-ef9b-4ed7-bf0d-71fb8465bQ01', 'Admin', NOW()),
('559f0844-ef9b-4ed7-bf0d-71fb8465b094',' Mengikuti pendapat sendiri untuk menyelesaikan pekerjaan lebih baik daripada mengikuti saran teman.','559f0844-ef9b-4ed7-bf0d-71fb8465bQ01', 'Admin', NOW()),
('559f0844-ef9b-4ed7-bf0d-71fb8465b095','Menyalahkan diri sendiri karena hasil yang mengecewakan lebih baik daripada mencari penyebab kesalahan.','559f0844-ef9b-4ed7-bf0d-71fb8465bQ01', 'Admin', NOW()),
('559f0844-ef9b-4ed7-bf0d-71fb8465b096','Mengusahakan segala cara meskipun melanggar hukum demi membahagiakan keluarga lebih baik daripada keluarga hidup penuh kesulitan.','559f0844-ef9b-4ed7-bf0d-71fb8465bQ01', 'Admin', NOW()),
('559f0844-ef9b-4ed7-bf0d-71fb8465b097','Saya lebih senang diberikan tugas yang dikerjakan bersama-sama daripada tugas yang diselesaikan sendiri.','559f0844-ef9b-4ed7-bf0d-71fb8465bQ01', 'Admin', NOW()),
('559f0844-ef9b-4ed7-bf0d-71fb8465b098','Saya mendahulukan memberikan sumbangan untuk korban banjir dekat rumah daripada berkumpul dengan teman di restoran mahal.','559f0844-ef9b-4ed7-bf0d-71fb8465bQ01', 'Admin', NOW()),
('559f0844-ef9b-4ed7-bf0d-71fb8465b099','Ketika terjadi kegagalan, saya akan mencari tahu sebab kegagalan daripada mengutuk diri sendiri.','559f0844-ef9b-4ed7-bf0d-71fb8465bQ01', 'Admin', NOW()),
('559f0844-ef9b-4ed7-bf0d-71fb8465b100','Menyelesaikan masalah yang sulit lebih baik daripada menghindarinya}','559f0844-ef9b-4ed7-bf0d-71fb8465bQ01', 'Admin', NOW());


insert into public.answer (id, answer, value, question_id, created_by, created_at) values	
	('559f0844-ef9b-4ed7-bf0d-71fb8465o001', 'Sangat Setuju', '1', '559f0844-ef9b-4ed7-bf0d-71fb8465b001', 'Admin', NOW()),
	('559f0844-ef9b-4ed7-bf0d-71fb8465o002', 'Sangat Setuju', '1', '559f0844-ef9b-4ed7-bf0d-71fb8465b002', 'Admin', NOW()),
	('559f0844-ef9b-4ed7-bf0d-71fb8465o003', 'Sangat Setuju', '1', '559f0844-ef9b-4ed7-bf0d-71fb8465b003', 'Admin', NOW()),
	('559f0844-ef9b-4ed7-bf0d-71fb8465o004', 'Sangat Setuju', '1', '559f0844-ef9b-4ed7-bf0d-71fb8465b004', 'Admin', NOW()),
	('559f0844-ef9b-4ed7-bf0d-71fb8465o005', 'Sangat Setuju', '5', '559f0844-ef9b-4ed7-bf0d-71fb8465b005', 'Admin', NOW()),
	('559f0844-ef9b-4ed7-bf0d-71fb8465o006', 'Sangat Setuju', '5', '559f0844-ef9b-4ed7-bf0d-71fb8465b006', 'Admin', NOW()),
	('559f0844-ef9b-4ed7-bf0d-71fb8465o007', 'Sangat Setuju', '5', '559f0844-ef9b-4ed7-bf0d-71fb8465b007', 'Admin', NOW()),
	('559f0844-ef9b-4ed7-bf0d-71fb8465o008', 'Sangat Setuju', '1', '559f0844-ef9b-4ed7-bf0d-71fb8465b008', 'Admin', NOW()),
	('559f0844-ef9b-4ed7-bf0d-71fb8465o009', 'Sangat Setuju', '5', '559f0844-ef9b-4ed7-bf0d-71fb8465b009', 'Admin', NOW()),
	('559f0844-ef9b-4ed7-bf0d-71fb8465o010', 'Sangat Setuju', '1', '559f0844-ef9b-4ed7-bf0d-71fb8465b010', 'Admin', NOW()),
	('559f0844-ef9b-4ed7-bf0d-71fb8465o011', 'Sangat Setuju', '1', '559f0844-ef9b-4ed7-bf0d-71fb8465b011', 'Admin', NOW()),
	('559f0844-ef9b-4ed7-bf0d-71fb8465o012', 'Sangat Setuju', '1', '559f0844-ef9b-4ed7-bf0d-71fb8465b012', 'Admin', NOW()),
	('559f0844-ef9b-4ed7-bf0d-71fb8465o013', 'Sangat Setuju', '5', '559f0844-ef9b-4ed7-bf0d-71fb8465b013', 'Admin', NOW()),
	('559f0844-ef9b-4ed7-bf0d-71fb8465o014', 'Sangat Setuju', '5', '559f0844-ef9b-4ed7-bf0d-71fb8465b014', 'Admin', NOW()),
	('559f0844-ef9b-4ed7-bf0d-71fb8465o015', 'Sangat Setuju', '1', '559f0844-ef9b-4ed7-bf0d-71fb8465b015', 'Admin', NOW()),
	('559f0844-ef9b-4ed7-bf0d-71fb8465o016', 'Sangat Setuju', '1', '559f0844-ef9b-4ed7-bf0d-71fb8465b016', 'Admin', NOW()),
	('559f0844-ef9b-4ed7-bf0d-71fb8465o017', 'Sangat Setuju', '1', '559f0844-ef9b-4ed7-bf0d-71fb8465b017', 'Admin', NOW()),
	('559f0844-ef9b-4ed7-bf0d-71fb8465o018', 'Sangat Setuju', '5', '559f0844-ef9b-4ed7-bf0d-71fb8465b018', 'Admin', NOW()),
	('559f0844-ef9b-4ed7-bf0d-71fb8465o019', 'Sangat Setuju', '5', '559f0844-ef9b-4ed7-bf0d-71fb8465b019', 'Admin', NOW()),
	('559f0844-ef9b-4ed7-bf0d-71fb8465o020', 'Sangat Setuju', '5', '559f0844-ef9b-4ed7-bf0d-71fb8465b020', 'Admin', NOW()),
	('559f0844-ef9b-4ed7-bf0d-71fb8465o021', 'Sangat Setuju', '5', '559f0844-ef9b-4ed7-bf0d-71fb8465b021', 'Admin', NOW()),
	('559f0844-ef9b-4ed7-bf0d-71fb8465o022', 'Sangat Setuju', '5', '559f0844-ef9b-4ed7-bf0d-71fb8465b022', 'Admin', NOW()),
	('559f0844-ef9b-4ed7-bf0d-71fb8465o023', 'Sangat Setuju', '5', '559f0844-ef9b-4ed7-bf0d-71fb8465b023', 'Admin', NOW()),
	('559f0844-ef9b-4ed7-bf0d-71fb8465o024', 'Sangat Setuju', '5', '559f0844-ef9b-4ed7-bf0d-71fb8465b024', 'Admin', NOW()),
	('559f0844-ef9b-4ed7-bf0d-71fb8465o025', 'Sangat Setuju', '5', '559f0844-ef9b-4ed7-bf0d-71fb8465b025', 'Admin', NOW()),
	('559f0844-ef9b-4ed7-bf0d-71fb8465o026', 'Sangat Setuju', '1', '559f0844-ef9b-4ed7-bf0d-71fb8465b026', 'Admin', NOW()),
	('559f0844-ef9b-4ed7-bf0d-71fb8465o027', 'Sangat Setuju', '1', '559f0844-ef9b-4ed7-bf0d-71fb8465b027', 'Admin', NOW()),
	('559f0844-ef9b-4ed7-bf0d-71fb8465o028', 'Sangat Setuju', '1', '559f0844-ef9b-4ed7-bf0d-71fb8465b028', 'Admin', NOW()),
	('559f0844-ef9b-4ed7-bf0d-71fb8465o029', 'Sangat Setuju', '5', '559f0844-ef9b-4ed7-bf0d-71fb8465b029', 'Admin', NOW()),
	('559f0844-ef9b-4ed7-bf0d-71fb8465o030', 'Sangat Setuju', '1', '559f0844-ef9b-4ed7-bf0d-71fb8465b030', 'Admin', NOW()),
	('559f0844-ef9b-4ed7-bf0d-71fb8465o031', 'Sangat Setuju', '5', '559f0844-ef9b-4ed7-bf0d-71fb8465b031', 'Admin', NOW()),
	('559f0844-ef9b-4ed7-bf0d-71fb8465o032', 'Sangat Setuju', '5', '559f0844-ef9b-4ed7-bf0d-71fb8465b032', 'Admin', NOW()),
	('559f0844-ef9b-4ed7-bf0d-71fb8465o033', 'Sangat Setuju', '5', '559f0844-ef9b-4ed7-bf0d-71fb8465b033', 'Admin', NOW()),
	('559f0844-ef9b-4ed7-bf0d-71fb8465o034', 'Sangat Setuju', '5', '559f0844-ef9b-4ed7-bf0d-71fb8465b034', 'Admin', NOW()),
	('559f0844-ef9b-4ed7-bf0d-71fb8465o035', 'Sangat Setuju', '1', '559f0844-ef9b-4ed7-bf0d-71fb8465b035', 'Admin', NOW()),
	('559f0844-ef9b-4ed7-bf0d-71fb8465o036', 'Sangat Setuju', '1', '559f0844-ef9b-4ed7-bf0d-71fb8465b036', 'Admin', NOW()),
	('559f0844-ef9b-4ed7-bf0d-71fb8465o037', 'Sangat Setuju', '5', '559f0844-ef9b-4ed7-bf0d-71fb8465b037', 'Admin', NOW()),
	('559f0844-ef9b-4ed7-bf0d-71fb8465o038', 'Sangat Setuju', '5', '559f0844-ef9b-4ed7-bf0d-71fb8465b038', 'Admin', NOW()),
	('559f0844-ef9b-4ed7-bf0d-71fb8465o039', 'Sangat Setuju', '5', '559f0844-ef9b-4ed7-bf0d-71fb8465b039', 'Admin', NOW()),
	('559f0844-ef9b-4ed7-bf0d-71fb8465o040', 'Sangat Setuju', '5', '559f0844-ef9b-4ed7-bf0d-71fb8465b040', 'Admin', NOW()),
	('559f0844-ef9b-4ed7-bf0d-71fb8465o041', 'Sangat Setuju', '5', '559f0844-ef9b-4ed7-bf0d-71fb8465b041', 'Admin', NOW()),
	('559f0844-ef9b-4ed7-bf0d-71fb8465o042', 'Sangat Setuju', '5', '559f0844-ef9b-4ed7-bf0d-71fb8465b042', 'Admin', NOW()),
	('559f0844-ef9b-4ed7-bf0d-71fb8465o043', 'Sangat Setuju', '5', '559f0844-ef9b-4ed7-bf0d-71fb8465b043', 'Admin', NOW()),
	('559f0844-ef9b-4ed7-bf0d-71fb8465o044', 'Sangat Setuju', '1', '559f0844-ef9b-4ed7-bf0d-71fb8465b044', 'Admin', NOW()),
	('559f0844-ef9b-4ed7-bf0d-71fb8465o045', 'Sangat Setuju', '1', '559f0844-ef9b-4ed7-bf0d-71fb8465b045', 'Admin', NOW()),
	('559f0844-ef9b-4ed7-bf0d-71fb8465o046', 'Sangat Setuju', '5', '559f0844-ef9b-4ed7-bf0d-71fb8465b046', 'Admin', NOW()),
	('559f0844-ef9b-4ed7-bf0d-71fb8465o047', 'Sangat Setuju', '5', '559f0844-ef9b-4ed7-bf0d-71fb8465b047', 'Admin', NOW()),
	('559f0844-ef9b-4ed7-bf0d-71fb8465o048', 'Sangat Setuju', '5', '559f0844-ef9b-4ed7-bf0d-71fb8465b048', 'Admin', NOW()),
	('559f0844-ef9b-4ed7-bf0d-71fb8465o049', 'Sangat Setuju', '5', '559f0844-ef9b-4ed7-bf0d-71fb8465b049', 'Admin', NOW()),
	('559f0844-ef9b-4ed7-bf0d-71fb8465o050', 'Sangat Setuju', '5', '559f0844-ef9b-4ed7-bf0d-71fb8465b050', 'Admin', NOW()),
	('559f0844-ef9b-4ed7-bf0d-71fb8465o051', 'Sangat Setuju', '5', '559f0844-ef9b-4ed7-bf0d-71fb8465b051', 'Admin', NOW()),
	('559f0844-ef9b-4ed7-bf0d-71fb8465o052', 'Sangat Setuju', '5', '559f0844-ef9b-4ed7-bf0d-71fb8465b052', 'Admin', NOW()),
	('559f0844-ef9b-4ed7-bf0d-71fb8465o053', 'Sangat Setuju', '1', '559f0844-ef9b-4ed7-bf0d-71fb8465b053', 'Admin', NOW()),
	('559f0844-ef9b-4ed7-bf0d-71fb8465o054', 'Sangat Setuju', '5', '559f0844-ef9b-4ed7-bf0d-71fb8465b054', 'Admin', NOW()),
	('559f0844-ef9b-4ed7-bf0d-71fb8465o055', 'Sangat Setuju', '1', '559f0844-ef9b-4ed7-bf0d-71fb8465b055', 'Admin', NOW()),
	('559f0844-ef9b-4ed7-bf0d-71fb8465o056', 'Sangat Setuju', '1', '559f0844-ef9b-4ed7-bf0d-71fb8465b056', 'Admin', NOW()),
	('559f0844-ef9b-4ed7-bf0d-71fb8465o057', 'Sangat Setuju', '5', '559f0844-ef9b-4ed7-bf0d-71fb8465b057', 'Admin', NOW()),
	('559f0844-ef9b-4ed7-bf0d-71fb8465o058', 'Sangat Setuju', '5', '559f0844-ef9b-4ed7-bf0d-71fb8465b058', 'Admin', NOW()),
	('559f0844-ef9b-4ed7-bf0d-71fb8465o059', 'Sangat Setuju', '5', '559f0844-ef9b-4ed7-bf0d-71fb8465b059', 'Admin', NOW()),
	('559f0844-ef9b-4ed7-bf0d-71fb8465o060', 'Sangat Setuju', '1', '559f0844-ef9b-4ed7-bf0d-71fb8465b060', 'Admin', NOW()),
	('559f0844-ef9b-4ed7-bf0d-71fb8465o061', 'Sangat Setuju', '1', '559f0844-ef9b-4ed7-bf0d-71fb8465b061', 'Admin', NOW()),
	('559f0844-ef9b-4ed7-bf0d-71fb8465o062', 'Sangat Setuju', '1', '559f0844-ef9b-4ed7-bf0d-71fb8465b062', 'Admin', NOW()),
	('559f0844-ef9b-4ed7-bf0d-71fb8465o063', 'Sangat Setuju', '5', '559f0844-ef9b-4ed7-bf0d-71fb8465b063', 'Admin', NOW()),
	('559f0844-ef9b-4ed7-bf0d-71fb8465o064', 'Sangat Setuju', '5', '559f0844-ef9b-4ed7-bf0d-71fb8465b064', 'Admin', NOW()),
	('559f0844-ef9b-4ed7-bf0d-71fb8465o065', 'Sangat Setuju', '1', '559f0844-ef9b-4ed7-bf0d-71fb8465b065', 'Admin', NOW()),
	('559f0844-ef9b-4ed7-bf0d-71fb8465o066', 'Sangat Setuju', '1', '559f0844-ef9b-4ed7-bf0d-71fb8465b066', 'Admin', NOW()),
	('559f0844-ef9b-4ed7-bf0d-71fb8465o067', 'Sangat Setuju', '1', '559f0844-ef9b-4ed7-bf0d-71fb8465b067', 'Admin', NOW()),
	('559f0844-ef9b-4ed7-bf0d-71fb8465o068', 'Sangat Setuju', '5', '559f0844-ef9b-4ed7-bf0d-71fb8465b068', 'Admin', NOW()),
	('559f0844-ef9b-4ed7-bf0d-71fb8465o069', 'Sangat Setuju', '1', '559f0844-ef9b-4ed7-bf0d-71fb8465b069', 'Admin', NOW()),
	('559f0844-ef9b-4ed7-bf0d-71fb8465o070', 'Sangat Setuju', '1', '559f0844-ef9b-4ed7-bf0d-71fb8465b070', 'Admin', NOW()),
	('559f0844-ef9b-4ed7-bf0d-71fb8465o071', 'Sangat Setuju', '5', '559f0844-ef9b-4ed7-bf0d-71fb8465b071', 'Admin', NOW()),
	('559f0844-ef9b-4ed7-bf0d-71fb8465o072', 'Sangat Setuju', '5', '559f0844-ef9b-4ed7-bf0d-71fb8465b072', 'Admin', NOW()),
	('559f0844-ef9b-4ed7-bf0d-71fb8465o073', 'Sangat Setuju', '5', '559f0844-ef9b-4ed7-bf0d-71fb8465b073', 'Admin', NOW()),
	('559f0844-ef9b-4ed7-bf0d-71fb8465o074', 'Sangat Setuju', '1', '559f0844-ef9b-4ed7-bf0d-71fb8465b074', 'Admin', NOW()),
	('559f0844-ef9b-4ed7-bf0d-71fb8465o075', 'Sangat Setuju', '1', '559f0844-ef9b-4ed7-bf0d-71fb8465b075', 'Admin', NOW()),
	('559f0844-ef9b-4ed7-bf0d-71fb8465o076', 'Sangat Setuju', '5', '559f0844-ef9b-4ed7-bf0d-71fb8465b076', 'Admin', NOW()),
	('559f0844-ef9b-4ed7-bf0d-71fb8465o077', 'Sangat Setuju', '1', '559f0844-ef9b-4ed7-bf0d-71fb8465b077', 'Admin', NOW()),
	('559f0844-ef9b-4ed7-bf0d-71fb8465o078', 'Sangat Setuju', '5', '559f0844-ef9b-4ed7-bf0d-71fb8465b078', 'Admin', NOW()),
	('559f0844-ef9b-4ed7-bf0d-71fb8465o079', 'Sangat Setuju', '1', '559f0844-ef9b-4ed7-bf0d-71fb8465b079', 'Admin', NOW()),
	('559f0844-ef9b-4ed7-bf0d-71fb8465o080', 'Sangat Setuju', '1', '559f0844-ef9b-4ed7-bf0d-71fb8465b080', 'Admin', NOW()),
	('559f0844-ef9b-4ed7-bf0d-71fb8465o081', 'Sangat Setuju', '5', '559f0844-ef9b-4ed7-bf0d-71fb8465b081', 'Admin', NOW()),
	('559f0844-ef9b-4ed7-bf0d-71fb8465o082', 'Sangat Setuju', '5', '559f0844-ef9b-4ed7-bf0d-71fb8465b082', 'Admin', NOW()),
	('559f0844-ef9b-4ed7-bf0d-71fb8465o083', 'Sangat Setuju', '1', '559f0844-ef9b-4ed7-bf0d-71fb8465b083', 'Admin', NOW()),
	('559f0844-ef9b-4ed7-bf0d-71fb8465o084', 'Sangat Setuju', '5', '559f0844-ef9b-4ed7-bf0d-71fb8465b084', 'Admin', NOW()),
	('559f0844-ef9b-4ed7-bf0d-71fb8465o085', 'Sangat Setuju', '1', '559f0844-ef9b-4ed7-bf0d-71fb8465b085', 'Admin', NOW()),
	('559f0844-ef9b-4ed7-bf0d-71fb8465o086', 'Sangat Setuju', '5', '559f0844-ef9b-4ed7-bf0d-71fb8465b086', 'Admin', NOW()),
	('559f0844-ef9b-4ed7-bf0d-71fb8465o087', 'Sangat Setuju', '1', '559f0844-ef9b-4ed7-bf0d-71fb8465b087', 'Admin', NOW()),
	('559f0844-ef9b-4ed7-bf0d-71fb8465o088', 'Sangat Setuju', '1', '559f0844-ef9b-4ed7-bf0d-71fb8465b088', 'Admin', NOW()),
	('559f0844-ef9b-4ed7-bf0d-71fb8465o089', 'Sangat Setuju', '5', '559f0844-ef9b-4ed7-bf0d-71fb8465b089', 'Admin', NOW()),
	('559f0844-ef9b-4ed7-bf0d-71fb8465o090', 'Sangat Setuju', '1', '559f0844-ef9b-4ed7-bf0d-71fb8465b090', 'Admin', NOW()),
	('559f0844-ef9b-4ed7-bf0d-71fb8465o091', 'Sangat Setuju', '5', '559f0844-ef9b-4ed7-bf0d-71fb8465b091', 'Admin', NOW()),
	('559f0844-ef9b-4ed7-bf0d-71fb8465o092', 'Sangat Setuju', '1', '559f0844-ef9b-4ed7-bf0d-71fb8465b092', 'Admin', NOW()),
	('559f0844-ef9b-4ed7-bf0d-71fb8465o093', 'Sangat Setuju', '5', '559f0844-ef9b-4ed7-bf0d-71fb8465b093', 'Admin', NOW()),
	('559f0844-ef9b-4ed7-bf0d-71fb8465o094', 'Sangat Setuju', '1', '559f0844-ef9b-4ed7-bf0d-71fb8465b094', 'Admin', NOW()),
	('559f0844-ef9b-4ed7-bf0d-71fb8465o095', 'Sangat Setuju', '1', '559f0844-ef9b-4ed7-bf0d-71fb8465b095', 'Admin', NOW()),
	('559f0844-ef9b-4ed7-bf0d-71fb8465o096', 'Sangat Setuju', '1', '559f0844-ef9b-4ed7-bf0d-71fb8465b096', 'Admin', NOW()),
	('559f0844-ef9b-4ed7-bf0d-71fb8465o097', 'Sangat Setuju', '5', '559f0844-ef9b-4ed7-bf0d-71fb8465b097', 'Admin', NOW()),
	('559f0844-ef9b-4ed7-bf0d-71fb8465o098', 'Sangat Setuju', '5', '559f0844-ef9b-4ed7-bf0d-71fb8465b098', 'Admin', NOW()),
	('559f0844-ef9b-4ed7-bf0d-71fb8465o099', 'Sangat Setuju', '5', '559f0844-ef9b-4ed7-bf0d-71fb8465b099', 'Admin', NOW()),
	('559f0844-ef9b-4ed7-bf0d-71fb8465o100', 'Sangat Setuju', '5', '559f0844-ef9b-4ed7-bf0d-71fb8465b100', 'Admin', NOW()),
	('559f0844-ef9b-4ed7-bf0d-71fb8465o101', 'Setuju', '2', '559f0844-ef9b-4ed7-bf0d-71fb8465b001', 'Admin', NOW()),
	('559f0844-ef9b-4ed7-bf0d-71fb8465o102', 'Setuju', '2', '559f0844-ef9b-4ed7-bf0d-71fb8465b002', 'Admin', NOW()),
	('559f0844-ef9b-4ed7-bf0d-71fb8465o103', 'Setuju', '2', '559f0844-ef9b-4ed7-bf0d-71fb8465b003', 'Admin', NOW()),
	('559f0844-ef9b-4ed7-bf0d-71fb8465o104', 'Setuju', '2', '559f0844-ef9b-4ed7-bf0d-71fb8465b004', 'Admin', NOW()),
	('559f0844-ef9b-4ed7-bf0d-71fb8465o105', 'Setuju', '4', '559f0844-ef9b-4ed7-bf0d-71fb8465b005', 'Admin', NOW()),
	('559f0844-ef9b-4ed7-bf0d-71fb8465o106', 'Setuju', '4', '559f0844-ef9b-4ed7-bf0d-71fb8465b006', 'Admin', NOW()),
	('559f0844-ef9b-4ed7-bf0d-71fb8465o107', 'Setuju', '4', '559f0844-ef9b-4ed7-bf0d-71fb8465b007', 'Admin', NOW()),
	('559f0844-ef9b-4ed7-bf0d-71fb8465o108', 'Setuju', '2', '559f0844-ef9b-4ed7-bf0d-71fb8465b008', 'Admin', NOW()),
	('559f0844-ef9b-4ed7-bf0d-71fb8465o109', 'Setuju', '4', '559f0844-ef9b-4ed7-bf0d-71fb8465b009', 'Admin', NOW()),
	('559f0844-ef9b-4ed7-bf0d-71fb8465o110', 'Setuju', '2', '559f0844-ef9b-4ed7-bf0d-71fb8465b010', 'Admin', NOW()),
	('559f0844-ef9b-4ed7-bf0d-71fb8465o111', 'Setuju', '2', '559f0844-ef9b-4ed7-bf0d-71fb8465b011', 'Admin', NOW()),
	('559f0844-ef9b-4ed7-bf0d-71fb8465o112', 'Setuju', '2', '559f0844-ef9b-4ed7-bf0d-71fb8465b012', 'Admin', NOW()),
	('559f0844-ef9b-4ed7-bf0d-71fb8465o113', 'Setuju', '4', '559f0844-ef9b-4ed7-bf0d-71fb8465b013', 'Admin', NOW()),
	('559f0844-ef9b-4ed7-bf0d-71fb8465o114', 'Setuju', '4', '559f0844-ef9b-4ed7-bf0d-71fb8465b014', 'Admin', NOW()),
	('559f0844-ef9b-4ed7-bf0d-71fb8465o115', 'Setuju', '2', '559f0844-ef9b-4ed7-bf0d-71fb8465b015', 'Admin', NOW()),
	('559f0844-ef9b-4ed7-bf0d-71fb8465o116', 'Setuju', '2', '559f0844-ef9b-4ed7-bf0d-71fb8465b016', 'Admin', NOW()),
	('559f0844-ef9b-4ed7-bf0d-71fb8465o117', 'Setuju', '2', '559f0844-ef9b-4ed7-bf0d-71fb8465b017', 'Admin', NOW()),
	('559f0844-ef9b-4ed7-bf0d-71fb8465o118', 'Setuju', '4', '559f0844-ef9b-4ed7-bf0d-71fb8465b018', 'Admin', NOW()),
	('559f0844-ef9b-4ed7-bf0d-71fb8465o119', 'Setuju', '4', '559f0844-ef9b-4ed7-bf0d-71fb8465b019', 'Admin', NOW()),
	('559f0844-ef9b-4ed7-bf0d-71fb8465o120', 'Setuju', '4', '559f0844-ef9b-4ed7-bf0d-71fb8465b020', 'Admin', NOW()),
	('559f0844-ef9b-4ed7-bf0d-71fb8465o121', 'Setuju', '4', '559f0844-ef9b-4ed7-bf0d-71fb8465b021', 'Admin', NOW()),
	('559f0844-ef9b-4ed7-bf0d-71fb8465o122', 'Setuju', '4', '559f0844-ef9b-4ed7-bf0d-71fb8465b022', 'Admin', NOW()),
	('559f0844-ef9b-4ed7-bf0d-71fb8465o123', 'Setuju', '4', '559f0844-ef9b-4ed7-bf0d-71fb8465b023', 'Admin', NOW()),
	('559f0844-ef9b-4ed7-bf0d-71fb8465o124', 'Setuju', '4', '559f0844-ef9b-4ed7-bf0d-71fb8465b024', 'Admin', NOW()),
	('559f0844-ef9b-4ed7-bf0d-71fb8465o125', 'Setuju', '4', '559f0844-ef9b-4ed7-bf0d-71fb8465b025', 'Admin', NOW()),
	('559f0844-ef9b-4ed7-bf0d-71fb8465o126', 'Setuju', '2', '559f0844-ef9b-4ed7-bf0d-71fb8465b026', 'Admin', NOW()),
	('559f0844-ef9b-4ed7-bf0d-71fb8465o127', 'Setuju', '2', '559f0844-ef9b-4ed7-bf0d-71fb8465b027', 'Admin', NOW()),
	('559f0844-ef9b-4ed7-bf0d-71fb8465o128', 'Setuju', '2', '559f0844-ef9b-4ed7-bf0d-71fb8465b028', 'Admin', NOW()),
	('559f0844-ef9b-4ed7-bf0d-71fb8465o129', 'Setuju', '4', '559f0844-ef9b-4ed7-bf0d-71fb8465b029', 'Admin', NOW()),
	('559f0844-ef9b-4ed7-bf0d-71fb8465o130', 'Setuju', '2', '559f0844-ef9b-4ed7-bf0d-71fb8465b030', 'Admin', NOW()),
	('559f0844-ef9b-4ed7-bf0d-71fb8465o131', 'Setuju', '4', '559f0844-ef9b-4ed7-bf0d-71fb8465b031', 'Admin', NOW()),
	('559f0844-ef9b-4ed7-bf0d-71fb8465o132', 'Setuju', '4', '559f0844-ef9b-4ed7-bf0d-71fb8465b032', 'Admin', NOW()),
	('559f0844-ef9b-4ed7-bf0d-71fb8465o133', 'Setuju', '4', '559f0844-ef9b-4ed7-bf0d-71fb8465b033', 'Admin', NOW()),
	('559f0844-ef9b-4ed7-bf0d-71fb8465o134', 'Setuju', '4', '559f0844-ef9b-4ed7-bf0d-71fb8465b034', 'Admin', NOW()),
	('559f0844-ef9b-4ed7-bf0d-71fb8465o135', 'Setuju', '2', '559f0844-ef9b-4ed7-bf0d-71fb8465b035', 'Admin', NOW()),
	('559f0844-ef9b-4ed7-bf0d-71fb8465o136', 'Setuju', '2', '559f0844-ef9b-4ed7-bf0d-71fb8465b036', 'Admin', NOW()),
	('559f0844-ef9b-4ed7-bf0d-71fb8465o137', 'Setuju', '4', '559f0844-ef9b-4ed7-bf0d-71fb8465b037', 'Admin', NOW()),
	('559f0844-ef9b-4ed7-bf0d-71fb8465o138', 'Setuju', '4', '559f0844-ef9b-4ed7-bf0d-71fb8465b038', 'Admin', NOW()),
	('559f0844-ef9b-4ed7-bf0d-71fb8465o139', 'Setuju', '4', '559f0844-ef9b-4ed7-bf0d-71fb8465b039', 'Admin', NOW()),
	('559f0844-ef9b-4ed7-bf0d-71fb8465o140', 'Setuju', '4', '559f0844-ef9b-4ed7-bf0d-71fb8465b040', 'Admin', NOW()),
	('559f0844-ef9b-4ed7-bf0d-71fb8465o141', 'Setuju', '4', '559f0844-ef9b-4ed7-bf0d-71fb8465b041', 'Admin', NOW()),
	('559f0844-ef9b-4ed7-bf0d-71fb8465o142', 'Setuju', '4', '559f0844-ef9b-4ed7-bf0d-71fb8465b042', 'Admin', NOW()),
	('559f0844-ef9b-4ed7-bf0d-71fb8465o143', 'Setuju', '4', '559f0844-ef9b-4ed7-bf0d-71fb8465b043', 'Admin', NOW()),
	('559f0844-ef9b-4ed7-bf0d-71fb8465o144', 'Setuju', '2', '559f0844-ef9b-4ed7-bf0d-71fb8465b044', 'Admin', NOW()),
	('559f0844-ef9b-4ed7-bf0d-71fb8465o145', 'Setuju', '2', '559f0844-ef9b-4ed7-bf0d-71fb8465b045', 'Admin', NOW()),
	('559f0844-ef9b-4ed7-bf0d-71fb8465o146', 'Setuju', '4', '559f0844-ef9b-4ed7-bf0d-71fb8465b046', 'Admin', NOW()),
	('559f0844-ef9b-4ed7-bf0d-71fb8465o147', 'Setuju', '4', '559f0844-ef9b-4ed7-bf0d-71fb8465b047', 'Admin', NOW()),
	('559f0844-ef9b-4ed7-bf0d-71fb8465o148', 'Setuju', '4', '559f0844-ef9b-4ed7-bf0d-71fb8465b048', 'Admin', NOW()),
	('559f0844-ef9b-4ed7-bf0d-71fb8465o149', 'Setuju', '4', '559f0844-ef9b-4ed7-bf0d-71fb8465b049', 'Admin', NOW()),
	('559f0844-ef9b-4ed7-bf0d-71fb8465o150', 'Setuju', '4', '559f0844-ef9b-4ed7-bf0d-71fb8465b050', 'Admin', NOW()),
	('559f0844-ef9b-4ed7-bf0d-71fb8465o151', 'Setuju', '4', '559f0844-ef9b-4ed7-bf0d-71fb8465b051', 'Admin', NOW()),
	('559f0844-ef9b-4ed7-bf0d-71fb8465o152', 'Setuju', '4', '559f0844-ef9b-4ed7-bf0d-71fb8465b052', 'Admin', NOW()),
	('559f0844-ef9b-4ed7-bf0d-71fb8465o153', 'Setuju', '2', '559f0844-ef9b-4ed7-bf0d-71fb8465b053', 'Admin', NOW()),
	('559f0844-ef9b-4ed7-bf0d-71fb8465o154', 'Setuju', '4', '559f0844-ef9b-4ed7-bf0d-71fb8465b054', 'Admin', NOW()),
	('559f0844-ef9b-4ed7-bf0d-71fb8465o155', 'Setuju', '2', '559f0844-ef9b-4ed7-bf0d-71fb8465b055', 'Admin', NOW()),
	('559f0844-ef9b-4ed7-bf0d-71fb8465o156', 'Setuju', '2', '559f0844-ef9b-4ed7-bf0d-71fb8465b056', 'Admin', NOW()),
	('559f0844-ef9b-4ed7-bf0d-71fb8465o157', 'Setuju', '4', '559f0844-ef9b-4ed7-bf0d-71fb8465b057', 'Admin', NOW()),
	('559f0844-ef9b-4ed7-bf0d-71fb8465o158', 'Setuju', '4', '559f0844-ef9b-4ed7-bf0d-71fb8465b058', 'Admin', NOW()),
	('559f0844-ef9b-4ed7-bf0d-71fb8465o159', 'Setuju', '4', '559f0844-ef9b-4ed7-bf0d-71fb8465b059', 'Admin', NOW()),
	('559f0844-ef9b-4ed7-bf0d-71fb8465o160', 'Setuju', '2', '559f0844-ef9b-4ed7-bf0d-71fb8465b060', 'Admin', NOW()),
	('559f0844-ef9b-4ed7-bf0d-71fb8465o161', 'Setuju', '2', '559f0844-ef9b-4ed7-bf0d-71fb8465b061', 'Admin', NOW()),
	('559f0844-ef9b-4ed7-bf0d-71fb8465o162', 'Setuju', '2', '559f0844-ef9b-4ed7-bf0d-71fb8465b062', 'Admin', NOW()),
	('559f0844-ef9b-4ed7-bf0d-71fb8465o163', 'Setuju', '4', '559f0844-ef9b-4ed7-bf0d-71fb8465b063', 'Admin', NOW()),
	('559f0844-ef9b-4ed7-bf0d-71fb8465o164', 'Setuju', '4', '559f0844-ef9b-4ed7-bf0d-71fb8465b064', 'Admin', NOW()),
	('559f0844-ef9b-4ed7-bf0d-71fb8465o165', 'Setuju', '2', '559f0844-ef9b-4ed7-bf0d-71fb8465b065', 'Admin', NOW()),
	('559f0844-ef9b-4ed7-bf0d-71fb8465o166', 'Setuju', '2', '559f0844-ef9b-4ed7-bf0d-71fb8465b066', 'Admin', NOW()),
	('559f0844-ef9b-4ed7-bf0d-71fb8465o167', 'Setuju', '2', '559f0844-ef9b-4ed7-bf0d-71fb8465b067', 'Admin', NOW()),
	('559f0844-ef9b-4ed7-bf0d-71fb8465o168', 'Setuju', '4', '559f0844-ef9b-4ed7-bf0d-71fb8465b068', 'Admin', NOW()),
	('559f0844-ef9b-4ed7-bf0d-71fb8465o169', 'Setuju', '2', '559f0844-ef9b-4ed7-bf0d-71fb8465b069', 'Admin', NOW()),
	('559f0844-ef9b-4ed7-bf0d-71fb8465o170', 'Setuju', '2', '559f0844-ef9b-4ed7-bf0d-71fb8465b070', 'Admin', NOW()),
	('559f0844-ef9b-4ed7-bf0d-71fb8465o171', 'Setuju', '4', '559f0844-ef9b-4ed7-bf0d-71fb8465b071', 'Admin', NOW()),
	('559f0844-ef9b-4ed7-bf0d-71fb8465o172', 'Setuju', '4', '559f0844-ef9b-4ed7-bf0d-71fb8465b072', 'Admin', NOW()),
	('559f0844-ef9b-4ed7-bf0d-71fb8465o173', 'Setuju', '4', '559f0844-ef9b-4ed7-bf0d-71fb8465b073', 'Admin', NOW()),
	('559f0844-ef9b-4ed7-bf0d-71fb8465o174', 'Setuju', '2', '559f0844-ef9b-4ed7-bf0d-71fb8465b074', 'Admin', NOW()),
	('559f0844-ef9b-4ed7-bf0d-71fb8465o175', 'Setuju', '2', '559f0844-ef9b-4ed7-bf0d-71fb8465b075', 'Admin', NOW()),
	('559f0844-ef9b-4ed7-bf0d-71fb8465o176', 'Setuju', '4', '559f0844-ef9b-4ed7-bf0d-71fb8465b076', 'Admin', NOW()),
	('559f0844-ef9b-4ed7-bf0d-71fb8465o177', 'Setuju', '2', '559f0844-ef9b-4ed7-bf0d-71fb8465b077', 'Admin', NOW()),
	('559f0844-ef9b-4ed7-bf0d-71fb8465o178', 'Setuju', '4', '559f0844-ef9b-4ed7-bf0d-71fb8465b078', 'Admin', NOW()),
	('559f0844-ef9b-4ed7-bf0d-71fb8465o179', 'Setuju', '2', '559f0844-ef9b-4ed7-bf0d-71fb8465b079', 'Admin', NOW()),
	('559f0844-ef9b-4ed7-bf0d-71fb8465o180', 'Setuju', '2', '559f0844-ef9b-4ed7-bf0d-71fb8465b080', 'Admin', NOW()),
	('559f0844-ef9b-4ed7-bf0d-71fb8465o181', 'Setuju', '4', '559f0844-ef9b-4ed7-bf0d-71fb8465b081', 'Admin', NOW()),
	('559f0844-ef9b-4ed7-bf0d-71fb8465o182', 'Setuju', '4', '559f0844-ef9b-4ed7-bf0d-71fb8465b082', 'Admin', NOW()),
	('559f0844-ef9b-4ed7-bf0d-71fb8465o183', 'Setuju', '2', '559f0844-ef9b-4ed7-bf0d-71fb8465b083', 'Admin', NOW()),
	('559f0844-ef9b-4ed7-bf0d-71fb8465o184', 'Setuju', '4', '559f0844-ef9b-4ed7-bf0d-71fb8465b084', 'Admin', NOW()),
	('559f0844-ef9b-4ed7-bf0d-71fb8465o185', 'Setuju', '2', '559f0844-ef9b-4ed7-bf0d-71fb8465b085', 'Admin', NOW()),
	('559f0844-ef9b-4ed7-bf0d-71fb8465o186', 'Setuju', '4', '559f0844-ef9b-4ed7-bf0d-71fb8465b086', 'Admin', NOW()),
	('559f0844-ef9b-4ed7-bf0d-71fb8465o187', 'Setuju', '2', '559f0844-ef9b-4ed7-bf0d-71fb8465b087', 'Admin', NOW()),
	('559f0844-ef9b-4ed7-bf0d-71fb8465o188', 'Setuju', '2', '559f0844-ef9b-4ed7-bf0d-71fb8465b088', 'Admin', NOW()),
	('559f0844-ef9b-4ed7-bf0d-71fb8465o189', 'Setuju', '4', '559f0844-ef9b-4ed7-bf0d-71fb8465b089', 'Admin', NOW()),
	('559f0844-ef9b-4ed7-bf0d-71fb8465o190', 'Setuju', '2', '559f0844-ef9b-4ed7-bf0d-71fb8465b090', 'Admin', NOW()),
	('559f0844-ef9b-4ed7-bf0d-71fb8465o191', 'Setuju', '4', '559f0844-ef9b-4ed7-bf0d-71fb8465b091', 'Admin', NOW()),
	('559f0844-ef9b-4ed7-bf0d-71fb8465o192', 'Setuju', '2', '559f0844-ef9b-4ed7-bf0d-71fb8465b092', 'Admin', NOW()),
	('559f0844-ef9b-4ed7-bf0d-71fb8465o193', 'Setuju', '4', '559f0844-ef9b-4ed7-bf0d-71fb8465b093', 'Admin', NOW()),
	('559f0844-ef9b-4ed7-bf0d-71fb8465o194', 'Setuju', '2', '559f0844-ef9b-4ed7-bf0d-71fb8465b094', 'Admin', NOW()),
	('559f0844-ef9b-4ed7-bf0d-71fb8465o195', 'Setuju', '2', '559f0844-ef9b-4ed7-bf0d-71fb8465b095', 'Admin', NOW()),
	('559f0844-ef9b-4ed7-bf0d-71fb8465o196', 'Setuju', '2', '559f0844-ef9b-4ed7-bf0d-71fb8465b096', 'Admin', NOW()),
	('559f0844-ef9b-4ed7-bf0d-71fb8465o197', 'Setuju', '4', '559f0844-ef9b-4ed7-bf0d-71fb8465b097', 'Admin', NOW()),
	('559f0844-ef9b-4ed7-bf0d-71fb8465o198', 'Setuju', '4', '559f0844-ef9b-4ed7-bf0d-71fb8465b098', 'Admin', NOW()),
	('559f0844-ef9b-4ed7-bf0d-71fb8465o199', 'Setuju', '4', '559f0844-ef9b-4ed7-bf0d-71fb8465b099', 'Admin', NOW()),
	('559f0844-ef9b-4ed7-bf0d-71fb8465o200', 'Setuju', '4', '559f0844-ef9b-4ed7-bf0d-71fb8465b100', 'Admin', NOW()),
	('559f0844-ef9b-4ed7-bf0d-71fb8465o301', 'Tidak Setuju', '4', '559f0844-ef9b-4ed7-bf0d-71fb8465b001', 'Admin', NOW()),
	('559f0844-ef9b-4ed7-bf0d-71fb8465o302', 'Tidak Setuju', '4', '559f0844-ef9b-4ed7-bf0d-71fb8465b002', 'Admin', NOW()),
	('559f0844-ef9b-4ed7-bf0d-71fb8465o303', 'Tidak Setuju', '4', '559f0844-ef9b-4ed7-bf0d-71fb8465b003', 'Admin', NOW()),
	('559f0844-ef9b-4ed7-bf0d-71fb8465o304', 'Tidak Setuju', '4', '559f0844-ef9b-4ed7-bf0d-71fb8465b004', 'Admin', NOW()),
	('559f0844-ef9b-4ed7-bf0d-71fb8465o305', 'Tidak Setuju', '2', '559f0844-ef9b-4ed7-bf0d-71fb8465b005', 'Admin', NOW()),
	('559f0844-ef9b-4ed7-bf0d-71fb8465o306', 'Tidak Setuju', '2', '559f0844-ef9b-4ed7-bf0d-71fb8465b006', 'Admin', NOW()),
	('559f0844-ef9b-4ed7-bf0d-71fb8465o307', 'Tidak Setuju', '2', '559f0844-ef9b-4ed7-bf0d-71fb8465b007', 'Admin', NOW()),
	('559f0844-ef9b-4ed7-bf0d-71fb8465o308', 'Tidak Setuju', '4', '559f0844-ef9b-4ed7-bf0d-71fb8465b008', 'Admin', NOW()),
	('559f0844-ef9b-4ed7-bf0d-71fb8465o309', 'Tidak Setuju', '2', '559f0844-ef9b-4ed7-bf0d-71fb8465b009', 'Admin', NOW()),
	('559f0844-ef9b-4ed7-bf0d-71fb8465o310', 'Tidak Setuju', '4', '559f0844-ef9b-4ed7-bf0d-71fb8465b010', 'Admin', NOW()),
	('559f0844-ef9b-4ed7-bf0d-71fb8465o311', 'Tidak Setuju', '4', '559f0844-ef9b-4ed7-bf0d-71fb8465b011', 'Admin', NOW()),
	('559f0844-ef9b-4ed7-bf0d-71fb8465o312', 'Tidak Setuju', '4', '559f0844-ef9b-4ed7-bf0d-71fb8465b012', 'Admin', NOW()),
	('559f0844-ef9b-4ed7-bf0d-71fb8465o313', 'Tidak Setuju', '2', '559f0844-ef9b-4ed7-bf0d-71fb8465b013', 'Admin', NOW()),
	('559f0844-ef9b-4ed7-bf0d-71fb8465o314', 'Tidak Setuju', '2', '559f0844-ef9b-4ed7-bf0d-71fb8465b014', 'Admin', NOW()),
	('559f0844-ef9b-4ed7-bf0d-71fb8465o315', 'Tidak Setuju', '4', '559f0844-ef9b-4ed7-bf0d-71fb8465b015', 'Admin', NOW()),
	('559f0844-ef9b-4ed7-bf0d-71fb8465o316', 'Tidak Setuju', '4', '559f0844-ef9b-4ed7-bf0d-71fb8465b016', 'Admin', NOW()),
	('559f0844-ef9b-4ed7-bf0d-71fb8465o317', 'Tidak Setuju', '4', '559f0844-ef9b-4ed7-bf0d-71fb8465b017', 'Admin', NOW()),
	('559f0844-ef9b-4ed7-bf0d-71fb8465o318', 'Tidak Setuju', '2', '559f0844-ef9b-4ed7-bf0d-71fb8465b018', 'Admin', NOW()),
	('559f0844-ef9b-4ed7-bf0d-71fb8465o319', 'Tidak Setuju', '2', '559f0844-ef9b-4ed7-bf0d-71fb8465b019', 'Admin', NOW()),
	('559f0844-ef9b-4ed7-bf0d-71fb8465o320', 'Tidak Setuju', '2', '559f0844-ef9b-4ed7-bf0d-71fb8465b020', 'Admin', NOW()),
	('559f0844-ef9b-4ed7-bf0d-71fb8465o321', 'Tidak Setuju', '2', '559f0844-ef9b-4ed7-bf0d-71fb8465b021', 'Admin', NOW()),
	('559f0844-ef9b-4ed7-bf0d-71fb8465o322', 'Tidak Setuju', '2', '559f0844-ef9b-4ed7-bf0d-71fb8465b022', 'Admin', NOW()),
	('559f0844-ef9b-4ed7-bf0d-71fb8465o323', 'Tidak Setuju', '2', '559f0844-ef9b-4ed7-bf0d-71fb8465b023', 'Admin', NOW()),
	('559f0844-ef9b-4ed7-bf0d-71fb8465o324', 'Tidak Setuju', '2', '559f0844-ef9b-4ed7-bf0d-71fb8465b024', 'Admin', NOW()),
	('559f0844-ef9b-4ed7-bf0d-71fb8465o325', 'Tidak Setuju', '2', '559f0844-ef9b-4ed7-bf0d-71fb8465b025', 'Admin', NOW()),
	('559f0844-ef9b-4ed7-bf0d-71fb8465o326', 'Tidak Setuju', '4', '559f0844-ef9b-4ed7-bf0d-71fb8465b026', 'Admin', NOW()),
	('559f0844-ef9b-4ed7-bf0d-71fb8465o327', 'Tidak Setuju', '4', '559f0844-ef9b-4ed7-bf0d-71fb8465b027', 'Admin', NOW()),
	('559f0844-ef9b-4ed7-bf0d-71fb8465o328', 'Tidak Setuju', '4', '559f0844-ef9b-4ed7-bf0d-71fb8465b028', 'Admin', NOW()),
	('559f0844-ef9b-4ed7-bf0d-71fb8465o329', 'Tidak Setuju', '2', '559f0844-ef9b-4ed7-bf0d-71fb8465b029', 'Admin', NOW()),
	('559f0844-ef9b-4ed7-bf0d-71fb8465o330', 'Tidak Setuju', '4', '559f0844-ef9b-4ed7-bf0d-71fb8465b030', 'Admin', NOW()),
	('559f0844-ef9b-4ed7-bf0d-71fb8465o331', 'Tidak Setuju', '2', '559f0844-ef9b-4ed7-bf0d-71fb8465b031', 'Admin', NOW()),
	('559f0844-ef9b-4ed7-bf0d-71fb8465o332', 'Tidak Setuju', '2', '559f0844-ef9b-4ed7-bf0d-71fb8465b032', 'Admin', NOW()),
	('559f0844-ef9b-4ed7-bf0d-71fb8465o333', 'Tidak Setuju', '2', '559f0844-ef9b-4ed7-bf0d-71fb8465b033', 'Admin', NOW()),
	('559f0844-ef9b-4ed7-bf0d-71fb8465o334', 'Tidak Setuju', '2', '559f0844-ef9b-4ed7-bf0d-71fb8465b034', 'Admin', NOW()),
	('559f0844-ef9b-4ed7-bf0d-71fb8465o335', 'Tidak Setuju', '4', '559f0844-ef9b-4ed7-bf0d-71fb8465b035', 'Admin', NOW()),
	('559f0844-ef9b-4ed7-bf0d-71fb8465o336', 'Tidak Setuju', '4', '559f0844-ef9b-4ed7-bf0d-71fb8465b036', 'Admin', NOW()),
	('559f0844-ef9b-4ed7-bf0d-71fb8465o337', 'Tidak Setuju', '2', '559f0844-ef9b-4ed7-bf0d-71fb8465b037', 'Admin', NOW()),
	('559f0844-ef9b-4ed7-bf0d-71fb8465o338', 'Tidak Setuju', '2', '559f0844-ef9b-4ed7-bf0d-71fb8465b038', 'Admin', NOW()),
	('559f0844-ef9b-4ed7-bf0d-71fb8465o339', 'Tidak Setuju', '2', '559f0844-ef9b-4ed7-bf0d-71fb8465b039', 'Admin', NOW()),
	('559f0844-ef9b-4ed7-bf0d-71fb8465o340', 'Tidak Setuju', '2', '559f0844-ef9b-4ed7-bf0d-71fb8465b040', 'Admin', NOW()),
	('559f0844-ef9b-4ed7-bf0d-71fb8465o341', 'Tidak Setuju', '2', '559f0844-ef9b-4ed7-bf0d-71fb8465b041', 'Admin', NOW()),
	('559f0844-ef9b-4ed7-bf0d-71fb8465o342', 'Tidak Setuju', '2', '559f0844-ef9b-4ed7-bf0d-71fb8465b042', 'Admin', NOW()),
	('559f0844-ef9b-4ed7-bf0d-71fb8465o343', 'Tidak Setuju', '2', '559f0844-ef9b-4ed7-bf0d-71fb8465b043', 'Admin', NOW()),
	('559f0844-ef9b-4ed7-bf0d-71fb8465o344', 'Tidak Setuju', '4', '559f0844-ef9b-4ed7-bf0d-71fb8465b044', 'Admin', NOW()),
	('559f0844-ef9b-4ed7-bf0d-71fb8465o345', 'Tidak Setuju', '4', '559f0844-ef9b-4ed7-bf0d-71fb8465b045', 'Admin', NOW()),
	('559f0844-ef9b-4ed7-bf0d-71fb8465o346', 'Tidak Setuju', '2', '559f0844-ef9b-4ed7-bf0d-71fb8465b046', 'Admin', NOW()),
	('559f0844-ef9b-4ed7-bf0d-71fb8465o347', 'Tidak Setuju', '2', '559f0844-ef9b-4ed7-bf0d-71fb8465b047', 'Admin', NOW()),
	('559f0844-ef9b-4ed7-bf0d-71fb8465o348', 'Tidak Setuju', '2', '559f0844-ef9b-4ed7-bf0d-71fb8465b048', 'Admin', NOW()),
	('559f0844-ef9b-4ed7-bf0d-71fb8465o349', 'Tidak Setuju', '2', '559f0844-ef9b-4ed7-bf0d-71fb8465b049', 'Admin', NOW()),
	('559f0844-ef9b-4ed7-bf0d-71fb8465o350', 'Tidak Setuju', '2', '559f0844-ef9b-4ed7-bf0d-71fb8465b050', 'Admin', NOW()),
	('559f0844-ef9b-4ed7-bf0d-71fb8465o351', 'Tidak Setuju', '2', '559f0844-ef9b-4ed7-bf0d-71fb8465b051', 'Admin', NOW()),
	('559f0844-ef9b-4ed7-bf0d-71fb8465o352', 'Tidak Setuju', '2', '559f0844-ef9b-4ed7-bf0d-71fb8465b052', 'Admin', NOW()),
	('559f0844-ef9b-4ed7-bf0d-71fb8465o353', 'Tidak Setuju', '4', '559f0844-ef9b-4ed7-bf0d-71fb8465b053', 'Admin', NOW()),
	('559f0844-ef9b-4ed7-bf0d-71fb8465o354', 'Tidak Setuju', '2', '559f0844-ef9b-4ed7-bf0d-71fb8465b054', 'Admin', NOW()),
	('559f0844-ef9b-4ed7-bf0d-71fb8465o355', 'Tidak Setuju', '4', '559f0844-ef9b-4ed7-bf0d-71fb8465b055', 'Admin', NOW()),
	('559f0844-ef9b-4ed7-bf0d-71fb8465o356', 'Tidak Setuju', '4', '559f0844-ef9b-4ed7-bf0d-71fb8465b056', 'Admin', NOW()),
	('559f0844-ef9b-4ed7-bf0d-71fb8465o357', 'Tidak Setuju', '2', '559f0844-ef9b-4ed7-bf0d-71fb8465b057', 'Admin', NOW()),
	('559f0844-ef9b-4ed7-bf0d-71fb8465o358', 'Tidak Setuju', '2', '559f0844-ef9b-4ed7-bf0d-71fb8465b058', 'Admin', NOW()),
	('559f0844-ef9b-4ed7-bf0d-71fb8465o359', 'Tidak Setuju', '2', '559f0844-ef9b-4ed7-bf0d-71fb8465b059', 'Admin', NOW()),
	('559f0844-ef9b-4ed7-bf0d-71fb8465o360', 'Tidak Setuju', '4', '559f0844-ef9b-4ed7-bf0d-71fb8465b060', 'Admin', NOW()),
	('559f0844-ef9b-4ed7-bf0d-71fb8465o361', 'Tidak Setuju', '4', '559f0844-ef9b-4ed7-bf0d-71fb8465b061', 'Admin', NOW()),
	('559f0844-ef9b-4ed7-bf0d-71fb8465o362', 'Tidak Setuju', '4', '559f0844-ef9b-4ed7-bf0d-71fb8465b062', 'Admin', NOW()),
	('559f0844-ef9b-4ed7-bf0d-71fb8465o363', 'Tidak Setuju', '2', '559f0844-ef9b-4ed7-bf0d-71fb8465b063', 'Admin', NOW()),
	('559f0844-ef9b-4ed7-bf0d-71fb8465o364', 'Tidak Setuju', '2', '559f0844-ef9b-4ed7-bf0d-71fb8465b064', 'Admin', NOW()),
	('559f0844-ef9b-4ed7-bf0d-71fb8465o365', 'Tidak Setuju', '4', '559f0844-ef9b-4ed7-bf0d-71fb8465b065', 'Admin', NOW()),
	('559f0844-ef9b-4ed7-bf0d-71fb8465o366', 'Tidak Setuju', '4', '559f0844-ef9b-4ed7-bf0d-71fb8465b066', 'Admin', NOW()),
	('559f0844-ef9b-4ed7-bf0d-71fb8465o367', 'Tidak Setuju', '4', '559f0844-ef9b-4ed7-bf0d-71fb8465b067', 'Admin', NOW()),
	('559f0844-ef9b-4ed7-bf0d-71fb8465o368', 'Tidak Setuju', '2', '559f0844-ef9b-4ed7-bf0d-71fb8465b068', 'Admin', NOW()),
	('559f0844-ef9b-4ed7-bf0d-71fb8465o369', 'Tidak Setuju', '4', '559f0844-ef9b-4ed7-bf0d-71fb8465b069', 'Admin', NOW()),
	('559f0844-ef9b-4ed7-bf0d-71fb8465o370', 'Tidak Setuju', '4', '559f0844-ef9b-4ed7-bf0d-71fb8465b070', 'Admin', NOW()),
	('559f0844-ef9b-4ed7-bf0d-71fb8465o371', 'Tidak Setuju', '2', '559f0844-ef9b-4ed7-bf0d-71fb8465b071', 'Admin', NOW()),
	('559f0844-ef9b-4ed7-bf0d-71fb8465o372', 'Tidak Setuju', '2', '559f0844-ef9b-4ed7-bf0d-71fb8465b072', 'Admin', NOW()),
	('559f0844-ef9b-4ed7-bf0d-71fb8465o373', 'Tidak Setuju', '2', '559f0844-ef9b-4ed7-bf0d-71fb8465b073', 'Admin', NOW()),
	('559f0844-ef9b-4ed7-bf0d-71fb8465o374', 'Tidak Setuju', '4', '559f0844-ef9b-4ed7-bf0d-71fb8465b074', 'Admin', NOW()),
	('559f0844-ef9b-4ed7-bf0d-71fb8465o375', 'Tidak Setuju', '4', '559f0844-ef9b-4ed7-bf0d-71fb8465b075', 'Admin', NOW()),
	('559f0844-ef9b-4ed7-bf0d-71fb8465o376', 'Tidak Setuju', '2', '559f0844-ef9b-4ed7-bf0d-71fb8465b076', 'Admin', NOW()),
	('559f0844-ef9b-4ed7-bf0d-71fb8465o377', 'Tidak Setuju', '4', '559f0844-ef9b-4ed7-bf0d-71fb8465b077', 'Admin', NOW()),
	('559f0844-ef9b-4ed7-bf0d-71fb8465o378', 'Tidak Setuju', '2', '559f0844-ef9b-4ed7-bf0d-71fb8465b078', 'Admin', NOW()),
	('559f0844-ef9b-4ed7-bf0d-71fb8465o379', 'Tidak Setuju', '4', '559f0844-ef9b-4ed7-bf0d-71fb8465b079', 'Admin', NOW()),
	('559f0844-ef9b-4ed7-bf0d-71fb8465o380', 'Tidak Setuju', '4', '559f0844-ef9b-4ed7-bf0d-71fb8465b080', 'Admin', NOW()),
	('559f0844-ef9b-4ed7-bf0d-71fb8465o381', 'Tidak Setuju', '2', '559f0844-ef9b-4ed7-bf0d-71fb8465b081', 'Admin', NOW()),
	('559f0844-ef9b-4ed7-bf0d-71fb8465o382', 'Tidak Setuju', '2', '559f0844-ef9b-4ed7-bf0d-71fb8465b082', 'Admin', NOW()),
	('559f0844-ef9b-4ed7-bf0d-71fb8465o383', 'Tidak Setuju', '4', '559f0844-ef9b-4ed7-bf0d-71fb8465b083', 'Admin', NOW()),
	('559f0844-ef9b-4ed7-bf0d-71fb8465o384', 'Tidak Setuju', '2', '559f0844-ef9b-4ed7-bf0d-71fb8465b084', 'Admin', NOW()),
	('559f0844-ef9b-4ed7-bf0d-71fb8465o385', 'Tidak Setuju', '4', '559f0844-ef9b-4ed7-bf0d-71fb8465b085', 'Admin', NOW()),
	('559f0844-ef9b-4ed7-bf0d-71fb8465o386', 'Tidak Setuju', '2', '559f0844-ef9b-4ed7-bf0d-71fb8465b086', 'Admin', NOW()),
	('559f0844-ef9b-4ed7-bf0d-71fb8465o387', 'Tidak Setuju', '4', '559f0844-ef9b-4ed7-bf0d-71fb8465b087', 'Admin', NOW()),
	('559f0844-ef9b-4ed7-bf0d-71fb8465o388', 'Tidak Setuju', '4', '559f0844-ef9b-4ed7-bf0d-71fb8465b088', 'Admin', NOW()),
	('559f0844-ef9b-4ed7-bf0d-71fb8465o389', 'Tidak Setuju', '2', '559f0844-ef9b-4ed7-bf0d-71fb8465b089', 'Admin', NOW()),
	('559f0844-ef9b-4ed7-bf0d-71fb8465o390', 'Tidak Setuju', '4', '559f0844-ef9b-4ed7-bf0d-71fb8465b090', 'Admin', NOW()),
	('559f0844-ef9b-4ed7-bf0d-71fb8465o391', 'Tidak Setuju', '2', '559f0844-ef9b-4ed7-bf0d-71fb8465b091', 'Admin', NOW()),
	('559f0844-ef9b-4ed7-bf0d-71fb8465o392', 'Tidak Setuju', '4', '559f0844-ef9b-4ed7-bf0d-71fb8465b092', 'Admin', NOW()),
	('559f0844-ef9b-4ed7-bf0d-71fb8465o393', 'Tidak Setuju', '2', '559f0844-ef9b-4ed7-bf0d-71fb8465b093', 'Admin', NOW()),
	('559f0844-ef9b-4ed7-bf0d-71fb8465o394', 'Tidak Setuju', '4', '559f0844-ef9b-4ed7-bf0d-71fb8465b094', 'Admin', NOW()),
	('559f0844-ef9b-4ed7-bf0d-71fb8465o395', 'Tidak Setuju', '4', '559f0844-ef9b-4ed7-bf0d-71fb8465b095', 'Admin', NOW()),
	('559f0844-ef9b-4ed7-bf0d-71fb8465o396', 'Tidak Setuju', '4', '559f0844-ef9b-4ed7-bf0d-71fb8465b096', 'Admin', NOW()),
	('559f0844-ef9b-4ed7-bf0d-71fb8465o397', 'Tidak Setuju', '2', '559f0844-ef9b-4ed7-bf0d-71fb8465b097', 'Admin', NOW()),
	('559f0844-ef9b-4ed7-bf0d-71fb8465o398', 'Tidak Setuju', '2', '559f0844-ef9b-4ed7-bf0d-71fb8465b098', 'Admin', NOW()),
	('559f0844-ef9b-4ed7-bf0d-71fb8465o399', 'Tidak Setuju', '2', '559f0844-ef9b-4ed7-bf0d-71fb8465b099', 'Admin', NOW()),
	('559f0844-ef9b-4ed7-bf0d-71fb8465o400', 'Tidak Setuju', '2', '559f0844-ef9b-4ed7-bf0d-71fb8465b100', 'Admin', NOW()),
	('559f0844-ef9b-4ed7-bf0d-71fb8465o401', 'Sangat Tidak Setuju', '5', '559f0844-ef9b-4ed7-bf0d-71fb8465b001', 'Admin', NOW()),
	('559f0844-ef9b-4ed7-bf0d-71fb8465o402', 'Sangat Tidak Setuju', '5', '559f0844-ef9b-4ed7-bf0d-71fb8465b002', 'Admin', NOW()),
	('559f0844-ef9b-4ed7-bf0d-71fb8465o403', 'Sangat Tidak Setuju', '5', '559f0844-ef9b-4ed7-bf0d-71fb8465b003', 'Admin', NOW()),
	('559f0844-ef9b-4ed7-bf0d-71fb8465o404', 'Sangat Tidak Setuju', '5', '559f0844-ef9b-4ed7-bf0d-71fb8465b004', 'Admin', NOW()),
	('559f0844-ef9b-4ed7-bf0d-71fb8465o405', 'Sangat Tidak Setuju', '1', '559f0844-ef9b-4ed7-bf0d-71fb8465b005', 'Admin', NOW()),
	('559f0844-ef9b-4ed7-bf0d-71fb8465o406', 'Sangat Tidak Setuju', '1', '559f0844-ef9b-4ed7-bf0d-71fb8465b006', 'Admin', NOW()),
	('559f0844-ef9b-4ed7-bf0d-71fb8465o407', 'Sangat Tidak Setuju', '1', '559f0844-ef9b-4ed7-bf0d-71fb8465b007', 'Admin', NOW()),
	('559f0844-ef9b-4ed7-bf0d-71fb8465o408', 'Sangat Tidak Setuju', '5', '559f0844-ef9b-4ed7-bf0d-71fb8465b008', 'Admin', NOW()),
	('559f0844-ef9b-4ed7-bf0d-71fb8465o409', 'Sangat Tidak Setuju', '1', '559f0844-ef9b-4ed7-bf0d-71fb8465b009', 'Admin', NOW()),
	('559f0844-ef9b-4ed7-bf0d-71fb8465o410', 'Sangat Tidak Setuju', '5', '559f0844-ef9b-4ed7-bf0d-71fb8465b010', 'Admin', NOW()),
	('559f0844-ef9b-4ed7-bf0d-71fb8465o411', 'Sangat Tidak Setuju', '5', '559f0844-ef9b-4ed7-bf0d-71fb8465b011', 'Admin', NOW()),
	('559f0844-ef9b-4ed7-bf0d-71fb8465o412', 'Sangat Tidak Setuju', '5', '559f0844-ef9b-4ed7-bf0d-71fb8465b012', 'Admin', NOW()),
	('559f0844-ef9b-4ed7-bf0d-71fb8465o413', 'Sangat Tidak Setuju', '1', '559f0844-ef9b-4ed7-bf0d-71fb8465b013', 'Admin', NOW()),
	('559f0844-ef9b-4ed7-bf0d-71fb8465o414', 'Sangat Tidak Setuju', '1', '559f0844-ef9b-4ed7-bf0d-71fb8465b014', 'Admin', NOW()),
	('559f0844-ef9b-4ed7-bf0d-71fb8465o415', 'Sangat Tidak Setuju', '5', '559f0844-ef9b-4ed7-bf0d-71fb8465b015', 'Admin', NOW()),
	('559f0844-ef9b-4ed7-bf0d-71fb8465o416', 'Sangat Tidak Setuju', '5', '559f0844-ef9b-4ed7-bf0d-71fb8465b016', 'Admin', NOW()),
	('559f0844-ef9b-4ed7-bf0d-71fb8465o417', 'Sangat Tidak Setuju', '5', '559f0844-ef9b-4ed7-bf0d-71fb8465b017', 'Admin', NOW()),
	('559f0844-ef9b-4ed7-bf0d-71fb8465o418', 'Sangat Tidak Setuju', '1', '559f0844-ef9b-4ed7-bf0d-71fb8465b018', 'Admin', NOW()),
	('559f0844-ef9b-4ed7-bf0d-71fb8465o419', 'Sangat Tidak Setuju', '1', '559f0844-ef9b-4ed7-bf0d-71fb8465b019', 'Admin', NOW()),
	('559f0844-ef9b-4ed7-bf0d-71fb8465o420', 'Sangat Tidak Setuju', '1', '559f0844-ef9b-4ed7-bf0d-71fb8465b020', 'Admin', NOW()),
	('559f0844-ef9b-4ed7-bf0d-71fb8465o421', 'Sangat Tidak Setuju', '1', '559f0844-ef9b-4ed7-bf0d-71fb8465b021', 'Admin', NOW()),
	('559f0844-ef9b-4ed7-bf0d-71fb8465o422', 'Sangat Tidak Setuju', '1', '559f0844-ef9b-4ed7-bf0d-71fb8465b022', 'Admin', NOW()),
	('559f0844-ef9b-4ed7-bf0d-71fb8465o423', 'Sangat Tidak Setuju', '1', '559f0844-ef9b-4ed7-bf0d-71fb8465b023', 'Admin', NOW()),
	('559f0844-ef9b-4ed7-bf0d-71fb8465o424', 'Sangat Tidak Setuju', '1', '559f0844-ef9b-4ed7-bf0d-71fb8465b024', 'Admin', NOW()),
	('559f0844-ef9b-4ed7-bf0d-71fb8465o425', 'Sangat Tidak Setuju', '1', '559f0844-ef9b-4ed7-bf0d-71fb8465b025', 'Admin', NOW()),
	('559f0844-ef9b-4ed7-bf0d-71fb8465o426', 'Sangat Tidak Setuju', '5', '559f0844-ef9b-4ed7-bf0d-71fb8465b026', 'Admin', NOW()),
	('559f0844-ef9b-4ed7-bf0d-71fb8465o427', 'Sangat Tidak Setuju', '5', '559f0844-ef9b-4ed7-bf0d-71fb8465b027', 'Admin', NOW()),
	('559f0844-ef9b-4ed7-bf0d-71fb8465o428', 'Sangat Tidak Setuju', '5', '559f0844-ef9b-4ed7-bf0d-71fb8465b028', 'Admin', NOW()),
	('559f0844-ef9b-4ed7-bf0d-71fb8465o429', 'Sangat Tidak Setuju', '1', '559f0844-ef9b-4ed7-bf0d-71fb8465b029', 'Admin', NOW()),
	('559f0844-ef9b-4ed7-bf0d-71fb8465o430', 'Sangat Tidak Setuju', '5', '559f0844-ef9b-4ed7-bf0d-71fb8465b030', 'Admin', NOW()),
	('559f0844-ef9b-4ed7-bf0d-71fb8465o431', 'Sangat Tidak Setuju', '1', '559f0844-ef9b-4ed7-bf0d-71fb8465b031', 'Admin', NOW()),
	('559f0844-ef9b-4ed7-bf0d-71fb8465o432', 'Sangat Tidak Setuju', '1', '559f0844-ef9b-4ed7-bf0d-71fb8465b032', 'Admin', NOW()),
	('559f0844-ef9b-4ed7-bf0d-71fb8465o433', 'Sangat Tidak Setuju', '1', '559f0844-ef9b-4ed7-bf0d-71fb8465b033', 'Admin', NOW()),
	('559f0844-ef9b-4ed7-bf0d-71fb8465o434', 'Sangat Tidak Setuju', '1', '559f0844-ef9b-4ed7-bf0d-71fb8465b034', 'Admin', NOW()),
	('559f0844-ef9b-4ed7-bf0d-71fb8465o435', 'Sangat Tidak Setuju', '5', '559f0844-ef9b-4ed7-bf0d-71fb8465b035', 'Admin', NOW()),
	('559f0844-ef9b-4ed7-bf0d-71fb8465o436', 'Sangat Tidak Setuju', '5', '559f0844-ef9b-4ed7-bf0d-71fb8465b036', 'Admin', NOW()),
	('559f0844-ef9b-4ed7-bf0d-71fb8465o437', 'Sangat Tidak Setuju', '1', '559f0844-ef9b-4ed7-bf0d-71fb8465b037', 'Admin', NOW()),
	('559f0844-ef9b-4ed7-bf0d-71fb8465o438', 'Sangat Tidak Setuju', '1', '559f0844-ef9b-4ed7-bf0d-71fb8465b038', 'Admin', NOW()),
	('559f0844-ef9b-4ed7-bf0d-71fb8465o439', 'Sangat Tidak Setuju', '1', '559f0844-ef9b-4ed7-bf0d-71fb8465b039', 'Admin', NOW()),
	('559f0844-ef9b-4ed7-bf0d-71fb8465o440', 'Sangat Tidak Setuju', '1', '559f0844-ef9b-4ed7-bf0d-71fb8465b040', 'Admin', NOW()),
	('559f0844-ef9b-4ed7-bf0d-71fb8465o441', 'Sangat Tidak Setuju', '1', '559f0844-ef9b-4ed7-bf0d-71fb8465b041', 'Admin', NOW()),
	('559f0844-ef9b-4ed7-bf0d-71fb8465o442', 'Sangat Tidak Setuju', '1', '559f0844-ef9b-4ed7-bf0d-71fb8465b042', 'Admin', NOW()),
	('559f0844-ef9b-4ed7-bf0d-71fb8465o443', 'Sangat Tidak Setuju', '1', '559f0844-ef9b-4ed7-bf0d-71fb8465b043', 'Admin', NOW()),
	('559f0844-ef9b-4ed7-bf0d-71fb8465o444', 'Sangat Tidak Setuju', '5', '559f0844-ef9b-4ed7-bf0d-71fb8465b044', 'Admin', NOW()),
	('559f0844-ef9b-4ed7-bf0d-71fb8465o445', 'Sangat Tidak Setuju', '5', '559f0844-ef9b-4ed7-bf0d-71fb8465b045', 'Admin', NOW()),
	('559f0844-ef9b-4ed7-bf0d-71fb8465o446', 'Sangat Tidak Setuju', '1', '559f0844-ef9b-4ed7-bf0d-71fb8465b046', 'Admin', NOW()),
	('559f0844-ef9b-4ed7-bf0d-71fb8465o447', 'Sangat Tidak Setuju', '1', '559f0844-ef9b-4ed7-bf0d-71fb8465b047', 'Admin', NOW()),
	('559f0844-ef9b-4ed7-bf0d-71fb8465o448', 'Sangat Tidak Setuju', '1', '559f0844-ef9b-4ed7-bf0d-71fb8465b048', 'Admin', NOW()),
	('559f0844-ef9b-4ed7-bf0d-71fb8465o449', 'Sangat Tidak Setuju', '1', '559f0844-ef9b-4ed7-bf0d-71fb8465b049', 'Admin', NOW()),
	('559f0844-ef9b-4ed7-bf0d-71fb8465o450', 'Sangat Tidak Setuju', '1', '559f0844-ef9b-4ed7-bf0d-71fb8465b050', 'Admin', NOW()),
	('559f0844-ef9b-4ed7-bf0d-71fb8465o451', 'Sangat Tidak Setuju', '1', '559f0844-ef9b-4ed7-bf0d-71fb8465b051', 'Admin', NOW()),
	('559f0844-ef9b-4ed7-bf0d-71fb8465o452', 'Sangat Tidak Setuju', '1', '559f0844-ef9b-4ed7-bf0d-71fb8465b052', 'Admin', NOW()),
	('559f0844-ef9b-4ed7-bf0d-71fb8465o453', 'Sangat Tidak Setuju', '5', '559f0844-ef9b-4ed7-bf0d-71fb8465b053', 'Admin', NOW()),
	('559f0844-ef9b-4ed7-bf0d-71fb8465o454', 'Sangat Tidak Setuju', '1', '559f0844-ef9b-4ed7-bf0d-71fb8465b054', 'Admin', NOW()),
	('559f0844-ef9b-4ed7-bf0d-71fb8465o455', 'Sangat Tidak Setuju', '5', '559f0844-ef9b-4ed7-bf0d-71fb8465b055', 'Admin', NOW()),
	('559f0844-ef9b-4ed7-bf0d-71fb8465o456', 'Sangat Tidak Setuju', '5', '559f0844-ef9b-4ed7-bf0d-71fb8465b056', 'Admin', NOW()),
	('559f0844-ef9b-4ed7-bf0d-71fb8465o457', 'Sangat Tidak Setuju', '1', '559f0844-ef9b-4ed7-bf0d-71fb8465b057', 'Admin', NOW()),
	('559f0844-ef9b-4ed7-bf0d-71fb8465o458', 'Sangat Tidak Setuju', '1', '559f0844-ef9b-4ed7-bf0d-71fb8465b058', 'Admin', NOW()),
	('559f0844-ef9b-4ed7-bf0d-71fb8465o459', 'Sangat Tidak Setuju', '1', '559f0844-ef9b-4ed7-bf0d-71fb8465b059', 'Admin', NOW()),
	('559f0844-ef9b-4ed7-bf0d-71fb8465o460', 'Sangat Tidak Setuju', '5', '559f0844-ef9b-4ed7-bf0d-71fb8465b060', 'Admin', NOW()),
	('559f0844-ef9b-4ed7-bf0d-71fb8465o461', 'Sangat Tidak Setuju', '5', '559f0844-ef9b-4ed7-bf0d-71fb8465b061', 'Admin', NOW()),
	('559f0844-ef9b-4ed7-bf0d-71fb8465o462', 'Sangat Tidak Setuju', '5', '559f0844-ef9b-4ed7-bf0d-71fb8465b062', 'Admin', NOW()),
	('559f0844-ef9b-4ed7-bf0d-71fb8465o463', 'Sangat Tidak Setuju', '1', '559f0844-ef9b-4ed7-bf0d-71fb8465b063', 'Admin', NOW()),
	('559f0844-ef9b-4ed7-bf0d-71fb8465o464', 'Sangat Tidak Setuju', '1', '559f0844-ef9b-4ed7-bf0d-71fb8465b064', 'Admin', NOW()),
	('559f0844-ef9b-4ed7-bf0d-71fb8465o465', 'Sangat Tidak Setuju', '5', '559f0844-ef9b-4ed7-bf0d-71fb8465b065', 'Admin', NOW()),
	('559f0844-ef9b-4ed7-bf0d-71fb8465o466', 'Sangat Tidak Setuju', '5', '559f0844-ef9b-4ed7-bf0d-71fb8465b066', 'Admin', NOW()),
	('559f0844-ef9b-4ed7-bf0d-71fb8465o467', 'Sangat Tidak Setuju', '5', '559f0844-ef9b-4ed7-bf0d-71fb8465b067', 'Admin', NOW()),
	('559f0844-ef9b-4ed7-bf0d-71fb8465o468', 'Sangat Tidak Setuju', '1', '559f0844-ef9b-4ed7-bf0d-71fb8465b068', 'Admin', NOW()),
	('559f0844-ef9b-4ed7-bf0d-71fb8465o469', 'Sangat Tidak Setuju', '5', '559f0844-ef9b-4ed7-bf0d-71fb8465b069', 'Admin', NOW()),
	('559f0844-ef9b-4ed7-bf0d-71fb8465o470', 'Sangat Tidak Setuju', '5', '559f0844-ef9b-4ed7-bf0d-71fb8465b070', 'Admin', NOW()),
	('559f0844-ef9b-4ed7-bf0d-71fb8465o471', 'Sangat Tidak Setuju', '1', '559f0844-ef9b-4ed7-bf0d-71fb8465b071', 'Admin', NOW()),
	('559f0844-ef9b-4ed7-bf0d-71fb8465o472', 'Sangat Tidak Setuju', '1', '559f0844-ef9b-4ed7-bf0d-71fb8465b072', 'Admin', NOW()),
	('559f0844-ef9b-4ed7-bf0d-71fb8465o473', 'Sangat Tidak Setuju', '1', '559f0844-ef9b-4ed7-bf0d-71fb8465b073', 'Admin', NOW()),
	('559f0844-ef9b-4ed7-bf0d-71fb8465o474', 'Sangat Tidak Setuju', '5', '559f0844-ef9b-4ed7-bf0d-71fb8465b074', 'Admin', NOW()),
	('559f0844-ef9b-4ed7-bf0d-71fb8465o475', 'Sangat Tidak Setuju', '5', '559f0844-ef9b-4ed7-bf0d-71fb8465b075', 'Admin', NOW()),
	('559f0844-ef9b-4ed7-bf0d-71fb8465o476', 'Sangat Tidak Setuju', '1', '559f0844-ef9b-4ed7-bf0d-71fb8465b076', 'Admin', NOW()),
	('559f0844-ef9b-4ed7-bf0d-71fb8465o477', 'Sangat Tidak Setuju', '5', '559f0844-ef9b-4ed7-bf0d-71fb8465b077', 'Admin', NOW()),
	('559f0844-ef9b-4ed7-bf0d-71fb8465o478', 'Sangat Tidak Setuju', '1', '559f0844-ef9b-4ed7-bf0d-71fb8465b078', 'Admin', NOW()),
	('559f0844-ef9b-4ed7-bf0d-71fb8465o479', 'Sangat Tidak Setuju', '5', '559f0844-ef9b-4ed7-bf0d-71fb8465b079', 'Admin', NOW()),
	('559f0844-ef9b-4ed7-bf0d-71fb8465o480', 'Sangat Tidak Setuju', '5', '559f0844-ef9b-4ed7-bf0d-71fb8465b080', 'Admin', NOW()),
	('559f0844-ef9b-4ed7-bf0d-71fb8465o481', 'Sangat Tidak Setuju', '1', '559f0844-ef9b-4ed7-bf0d-71fb8465b081', 'Admin', NOW()),
	('559f0844-ef9b-4ed7-bf0d-71fb8465o482', 'Sangat Tidak Setuju', '1', '559f0844-ef9b-4ed7-bf0d-71fb8465b082', 'Admin', NOW()),
	('559f0844-ef9b-4ed7-bf0d-71fb8465o483', 'Sangat Tidak Setuju', '5', '559f0844-ef9b-4ed7-bf0d-71fb8465b083', 'Admin', NOW()),
	('559f0844-ef9b-4ed7-bf0d-71fb8465o484', 'Sangat Tidak Setuju', '1', '559f0844-ef9b-4ed7-bf0d-71fb8465b084', 'Admin', NOW()),
	('559f0844-ef9b-4ed7-bf0d-71fb8465o485', 'Sangat Tidak Setuju', '5', '559f0844-ef9b-4ed7-bf0d-71fb8465b085', 'Admin', NOW()),
	('559f0844-ef9b-4ed7-bf0d-71fb8465o486', 'Sangat Tidak Setuju', '1', '559f0844-ef9b-4ed7-bf0d-71fb8465b086', 'Admin', NOW()),
	('559f0844-ef9b-4ed7-bf0d-71fb8465o487', 'Sangat Tidak Setuju', '5', '559f0844-ef9b-4ed7-bf0d-71fb8465b087', 'Admin', NOW()),
	('559f0844-ef9b-4ed7-bf0d-71fb8465o488', 'Sangat Tidak Setuju', '5', '559f0844-ef9b-4ed7-bf0d-71fb8465b088', 'Admin', NOW()),
	('559f0844-ef9b-4ed7-bf0d-71fb8465o489', 'Sangat Tidak Setuju', '1', '559f0844-ef9b-4ed7-bf0d-71fb8465b089', 'Admin', NOW()),
	('559f0844-ef9b-4ed7-bf0d-71fb8465o490', 'Sangat Tidak Setuju', '5', '559f0844-ef9b-4ed7-bf0d-71fb8465b090', 'Admin', NOW()),
	('559f0844-ef9b-4ed7-bf0d-71fb8465o491', 'Sangat Tidak Setuju', '1', '559f0844-ef9b-4ed7-bf0d-71fb8465b091', 'Admin', NOW()),
	('559f0844-ef9b-4ed7-bf0d-71fb8465o492', 'Sangat Tidak Setuju', '5', '559f0844-ef9b-4ed7-bf0d-71fb8465b092', 'Admin', NOW()),
	('559f0844-ef9b-4ed7-bf0d-71fb8465o493', 'Sangat Tidak Setuju', '1', '559f0844-ef9b-4ed7-bf0d-71fb8465b093', 'Admin', NOW()),
	('559f0844-ef9b-4ed7-bf0d-71fb8465o494', 'Sangat Tidak Setuju', '5', '559f0844-ef9b-4ed7-bf0d-71fb8465b094', 'Admin', NOW()),
	('559f0844-ef9b-4ed7-bf0d-71fb8465o495', 'Sangat Tidak Setuju', '5', '559f0844-ef9b-4ed7-bf0d-71fb8465b095', 'Admin', NOW()),
	('559f0844-ef9b-4ed7-bf0d-71fb8465o496', 'Sangat Tidak Setuju', '5', '559f0844-ef9b-4ed7-bf0d-71fb8465b096', 'Admin', NOW()),
	('559f0844-ef9b-4ed7-bf0d-71fb8465o497', 'Sangat Tidak Setuju', '1', '559f0844-ef9b-4ed7-bf0d-71fb8465b097', 'Admin', NOW()),
	('559f0844-ef9b-4ed7-bf0d-71fb8465o498', 'Sangat Tidak Setuju', '1', '559f0844-ef9b-4ed7-bf0d-71fb8465b098', 'Admin', NOW()),
	('559f0844-ef9b-4ed7-bf0d-71fb8465o499', 'Sangat Tidak Setuju', '1', '559f0844-ef9b-4ed7-bf0d-71fb8465b099', 'Admin', NOW()),
	('559f0844-ef9b-4ed7-bf0d-71fb8465o500', 'Sangat Tidak Setuju', '1', '559f0844-ef9b-4ed7-bf0d-71fb8465b100', 'Admin', NOW()),
	('559f0844-ef9b-4ed7-bf0d-71fb8465o201', 'Netral', '3', '559f0844-ef9b-4ed7-bf0d-71fb8465b001', 'Admin', NOW()),
	('559f0844-ef9b-4ed7-bf0d-71fb8465o202', 'Netral', '3', '559f0844-ef9b-4ed7-bf0d-71fb8465b002', 'Admin', NOW()),
	('559f0844-ef9b-4ed7-bf0d-71fb8465o203', 'Netral', '3', '559f0844-ef9b-4ed7-bf0d-71fb8465b003', 'Admin', NOW()),
	('559f0844-ef9b-4ed7-bf0d-71fb8465o204', 'Netral', '3', '559f0844-ef9b-4ed7-bf0d-71fb8465b004', 'Admin', NOW()),
	('559f0844-ef9b-4ed7-bf0d-71fb8465o205', 'Netral', '3', '559f0844-ef9b-4ed7-bf0d-71fb8465b005', 'Admin', NOW()),
	('559f0844-ef9b-4ed7-bf0d-71fb8465o206', 'Netral', '3', '559f0844-ef9b-4ed7-bf0d-71fb8465b006', 'Admin', NOW()),
	('559f0844-ef9b-4ed7-bf0d-71fb8465o207', 'Netral', '3', '559f0844-ef9b-4ed7-bf0d-71fb8465b007', 'Admin', NOW()),
	('559f0844-ef9b-4ed7-bf0d-71fb8465o208', 'Netral', '3', '559f0844-ef9b-4ed7-bf0d-71fb8465b008', 'Admin', NOW()),
	('559f0844-ef9b-4ed7-bf0d-71fb8465o209', 'Netral', '3', '559f0844-ef9b-4ed7-bf0d-71fb8465b009', 'Admin', NOW()),
	('559f0844-ef9b-4ed7-bf0d-71fb8465o210', 'Netral', '3', '559f0844-ef9b-4ed7-bf0d-71fb8465b010', 'Admin', NOW()),
	('559f0844-ef9b-4ed7-bf0d-71fb8465o211', 'Netral', '3', '559f0844-ef9b-4ed7-bf0d-71fb8465b011', 'Admin', NOW()),
	('559f0844-ef9b-4ed7-bf0d-71fb8465o212', 'Netral', '3', '559f0844-ef9b-4ed7-bf0d-71fb8465b012', 'Admin', NOW()),
	('559f0844-ef9b-4ed7-bf0d-71fb8465o213', 'Netral', '3', '559f0844-ef9b-4ed7-bf0d-71fb8465b013', 'Admin', NOW()),
	('559f0844-ef9b-4ed7-bf0d-71fb8465o214', 'Netral', '3', '559f0844-ef9b-4ed7-bf0d-71fb8465b014', 'Admin', NOW()),
	('559f0844-ef9b-4ed7-bf0d-71fb8465o215', 'Netral', '3', '559f0844-ef9b-4ed7-bf0d-71fb8465b015', 'Admin', NOW()),
	('559f0844-ef9b-4ed7-bf0d-71fb8465o216', 'Netral', '3', '559f0844-ef9b-4ed7-bf0d-71fb8465b016', 'Admin', NOW()),
	('559f0844-ef9b-4ed7-bf0d-71fb8465o217', 'Netral', '3', '559f0844-ef9b-4ed7-bf0d-71fb8465b017', 'Admin', NOW()),
	('559f0844-ef9b-4ed7-bf0d-71fb8465o218', 'Netral', '3', '559f0844-ef9b-4ed7-bf0d-71fb8465b018', 'Admin', NOW()),
	('559f0844-ef9b-4ed7-bf0d-71fb8465o219', 'Netral', '3', '559f0844-ef9b-4ed7-bf0d-71fb8465b019', 'Admin', NOW()),
	('559f0844-ef9b-4ed7-bf0d-71fb8465o220', 'Netral', '3', '559f0844-ef9b-4ed7-bf0d-71fb8465b020', 'Admin', NOW()),
	('559f0844-ef9b-4ed7-bf0d-71fb8465o221', 'Netral', '3', '559f0844-ef9b-4ed7-bf0d-71fb8465b021', 'Admin', NOW()),
	('559f0844-ef9b-4ed7-bf0d-71fb8465o222', 'Netral', '3', '559f0844-ef9b-4ed7-bf0d-71fb8465b022', 'Admin', NOW()),
	('559f0844-ef9b-4ed7-bf0d-71fb8465o223', 'Netral', '3', '559f0844-ef9b-4ed7-bf0d-71fb8465b023', 'Admin', NOW()),
	('559f0844-ef9b-4ed7-bf0d-71fb8465o224', 'Netral', '3', '559f0844-ef9b-4ed7-bf0d-71fb8465b024', 'Admin', NOW()),
	('559f0844-ef9b-4ed7-bf0d-71fb8465o225', 'Netral', '3', '559f0844-ef9b-4ed7-bf0d-71fb8465b025', 'Admin', NOW()),
	('559f0844-ef9b-4ed7-bf0d-71fb8465o226', 'Netral', '3', '559f0844-ef9b-4ed7-bf0d-71fb8465b026', 'Admin', NOW()),
	('559f0844-ef9b-4ed7-bf0d-71fb8465o227', 'Netral', '3', '559f0844-ef9b-4ed7-bf0d-71fb8465b027', 'Admin', NOW()),
	('559f0844-ef9b-4ed7-bf0d-71fb8465o228', 'Netral', '3', '559f0844-ef9b-4ed7-bf0d-71fb8465b028', 'Admin', NOW()),
	('559f0844-ef9b-4ed7-bf0d-71fb8465o229', 'Netral', '3', '559f0844-ef9b-4ed7-bf0d-71fb8465b029', 'Admin', NOW()),
	('559f0844-ef9b-4ed7-bf0d-71fb8465o230', 'Netral', '3', '559f0844-ef9b-4ed7-bf0d-71fb8465b030', 'Admin', NOW()),
	('559f0844-ef9b-4ed7-bf0d-71fb8465o231', 'Netral', '3', '559f0844-ef9b-4ed7-bf0d-71fb8465b031', 'Admin', NOW()),
	('559f0844-ef9b-4ed7-bf0d-71fb8465o232', 'Netral', '3', '559f0844-ef9b-4ed7-bf0d-71fb8465b032', 'Admin', NOW()),
	('559f0844-ef9b-4ed7-bf0d-71fb8465o233', 'Netral', '3', '559f0844-ef9b-4ed7-bf0d-71fb8465b033', 'Admin', NOW()),
	('559f0844-ef9b-4ed7-bf0d-71fb8465o234', 'Netral', '3', '559f0844-ef9b-4ed7-bf0d-71fb8465b034', 'Admin', NOW()),
	('559f0844-ef9b-4ed7-bf0d-71fb8465o235', 'Netral', '3', '559f0844-ef9b-4ed7-bf0d-71fb8465b035', 'Admin', NOW()),
	('559f0844-ef9b-4ed7-bf0d-71fb8465o236', 'Netral', '3', '559f0844-ef9b-4ed7-bf0d-71fb8465b036', 'Admin', NOW()),
	('559f0844-ef9b-4ed7-bf0d-71fb8465o237', 'Netral', '3', '559f0844-ef9b-4ed7-bf0d-71fb8465b037', 'Admin', NOW()),
	('559f0844-ef9b-4ed7-bf0d-71fb8465o238', 'Netral', '3', '559f0844-ef9b-4ed7-bf0d-71fb8465b038', 'Admin', NOW()),
	('559f0844-ef9b-4ed7-bf0d-71fb8465o239', 'Netral', '3', '559f0844-ef9b-4ed7-bf0d-71fb8465b039', 'Admin', NOW()),
	('559f0844-ef9b-4ed7-bf0d-71fb8465o240', 'Netral', '3', '559f0844-ef9b-4ed7-bf0d-71fb8465b040', 'Admin', NOW()),
	('559f0844-ef9b-4ed7-bf0d-71fb8465o241', 'Netral', '3', '559f0844-ef9b-4ed7-bf0d-71fb8465b041', 'Admin', NOW()),
	('559f0844-ef9b-4ed7-bf0d-71fb8465o242', 'Netral', '3', '559f0844-ef9b-4ed7-bf0d-71fb8465b042', 'Admin', NOW()),
	('559f0844-ef9b-4ed7-bf0d-71fb8465o243', 'Netral', '3', '559f0844-ef9b-4ed7-bf0d-71fb8465b043', 'Admin', NOW()),
	('559f0844-ef9b-4ed7-bf0d-71fb8465o244', 'Netral', '3', '559f0844-ef9b-4ed7-bf0d-71fb8465b044', 'Admin', NOW()),
	('559f0844-ef9b-4ed7-bf0d-71fb8465o245', 'Netral', '3', '559f0844-ef9b-4ed7-bf0d-71fb8465b045', 'Admin', NOW()),
	('559f0844-ef9b-4ed7-bf0d-71fb8465o246', 'Netral', '3', '559f0844-ef9b-4ed7-bf0d-71fb8465b046', 'Admin', NOW()),
	('559f0844-ef9b-4ed7-bf0d-71fb8465o247', 'Netral', '3', '559f0844-ef9b-4ed7-bf0d-71fb8465b047', 'Admin', NOW()),
	('559f0844-ef9b-4ed7-bf0d-71fb8465o248', 'Netral', '3', '559f0844-ef9b-4ed7-bf0d-71fb8465b048', 'Admin', NOW()),
	('559f0844-ef9b-4ed7-bf0d-71fb8465o249', 'Netral', '3', '559f0844-ef9b-4ed7-bf0d-71fb8465b049', 'Admin', NOW()),
	('559f0844-ef9b-4ed7-bf0d-71fb8465o250', 'Netral', '3', '559f0844-ef9b-4ed7-bf0d-71fb8465b050', 'Admin', NOW()),
	('559f0844-ef9b-4ed7-bf0d-71fb8465o251', 'Netral', '3', '559f0844-ef9b-4ed7-bf0d-71fb8465b051', 'Admin', NOW()),
	('559f0844-ef9b-4ed7-bf0d-71fb8465o252', 'Netral', '3', '559f0844-ef9b-4ed7-bf0d-71fb8465b052', 'Admin', NOW()),
	('559f0844-ef9b-4ed7-bf0d-71fb8465o253', 'Netral', '3', '559f0844-ef9b-4ed7-bf0d-71fb8465b053', 'Admin', NOW()),
	('559f0844-ef9b-4ed7-bf0d-71fb8465o254', 'Netral', '3', '559f0844-ef9b-4ed7-bf0d-71fb8465b054', 'Admin', NOW()),
	('559f0844-ef9b-4ed7-bf0d-71fb8465o255', 'Netral', '3', '559f0844-ef9b-4ed7-bf0d-71fb8465b055', 'Admin', NOW()),
	('559f0844-ef9b-4ed7-bf0d-71fb8465o256', 'Netral', '3', '559f0844-ef9b-4ed7-bf0d-71fb8465b056', 'Admin', NOW()),
	('559f0844-ef9b-4ed7-bf0d-71fb8465o257', 'Netral', '3', '559f0844-ef9b-4ed7-bf0d-71fb8465b057', 'Admin', NOW()),
	('559f0844-ef9b-4ed7-bf0d-71fb8465o258', 'Netral', '3', '559f0844-ef9b-4ed7-bf0d-71fb8465b058', 'Admin', NOW()),
	('559f0844-ef9b-4ed7-bf0d-71fb8465o259', 'Netral', '3', '559f0844-ef9b-4ed7-bf0d-71fb8465b059', 'Admin', NOW()),
	('559f0844-ef9b-4ed7-bf0d-71fb8465o260', 'Netral', '3', '559f0844-ef9b-4ed7-bf0d-71fb8465b060', 'Admin', NOW()),
	('559f0844-ef9b-4ed7-bf0d-71fb8465o261', 'Netral', '3', '559f0844-ef9b-4ed7-bf0d-71fb8465b061', 'Admin', NOW()),
	('559f0844-ef9b-4ed7-bf0d-71fb8465o262', 'Netral', '3', '559f0844-ef9b-4ed7-bf0d-71fb8465b062', 'Admin', NOW()),
	('559f0844-ef9b-4ed7-bf0d-71fb8465o263', 'Netral', '3', '559f0844-ef9b-4ed7-bf0d-71fb8465b063', 'Admin', NOW()),
	('559f0844-ef9b-4ed7-bf0d-71fb8465o264', 'Netral', '3', '559f0844-ef9b-4ed7-bf0d-71fb8465b064', 'Admin', NOW()),
	('559f0844-ef9b-4ed7-bf0d-71fb8465o265', 'Netral', '3', '559f0844-ef9b-4ed7-bf0d-71fb8465b065', 'Admin', NOW()),
	('559f0844-ef9b-4ed7-bf0d-71fb8465o266', 'Netral', '3', '559f0844-ef9b-4ed7-bf0d-71fb8465b066', 'Admin', NOW()),
	('559f0844-ef9b-4ed7-bf0d-71fb8465o267', 'Netral', '3', '559f0844-ef9b-4ed7-bf0d-71fb8465b067', 'Admin', NOW()),
	('559f0844-ef9b-4ed7-bf0d-71fb8465o268', 'Netral', '3', '559f0844-ef9b-4ed7-bf0d-71fb8465b068', 'Admin', NOW()),
	('559f0844-ef9b-4ed7-bf0d-71fb8465o269', 'Netral', '3', '559f0844-ef9b-4ed7-bf0d-71fb8465b069', 'Admin', NOW()),
	('559f0844-ef9b-4ed7-bf0d-71fb8465o270', 'Netral', '3', '559f0844-ef9b-4ed7-bf0d-71fb8465b070', 'Admin', NOW()),
	('559f0844-ef9b-4ed7-bf0d-71fb8465o271', 'Netral', '3', '559f0844-ef9b-4ed7-bf0d-71fb8465b071', 'Admin', NOW()),
	('559f0844-ef9b-4ed7-bf0d-71fb8465o272', 'Netral', '3', '559f0844-ef9b-4ed7-bf0d-71fb8465b072', 'Admin', NOW()),
	('559f0844-ef9b-4ed7-bf0d-71fb8465o273', 'Netral', '3', '559f0844-ef9b-4ed7-bf0d-71fb8465b073', 'Admin', NOW()),
	('559f0844-ef9b-4ed7-bf0d-71fb8465o274', 'Netral', '3', '559f0844-ef9b-4ed7-bf0d-71fb8465b074', 'Admin', NOW()),
	('559f0844-ef9b-4ed7-bf0d-71fb8465o275', 'Netral', '3', '559f0844-ef9b-4ed7-bf0d-71fb8465b075', 'Admin', NOW()),
	('559f0844-ef9b-4ed7-bf0d-71fb8465o276', 'Netral', '3', '559f0844-ef9b-4ed7-bf0d-71fb8465b076', 'Admin', NOW()),
	('559f0844-ef9b-4ed7-bf0d-71fb8465o277', 'Netral', '3', '559f0844-ef9b-4ed7-bf0d-71fb8465b077', 'Admin', NOW()),
	('559f0844-ef9b-4ed7-bf0d-71fb8465o278', 'Netral', '3', '559f0844-ef9b-4ed7-bf0d-71fb8465b078', 'Admin', NOW()),
	('559f0844-ef9b-4ed7-bf0d-71fb8465o279', 'Netral', '3', '559f0844-ef9b-4ed7-bf0d-71fb8465b079', 'Admin', NOW()),
	('559f0844-ef9b-4ed7-bf0d-71fb8465o280', 'Netral', '3', '559f0844-ef9b-4ed7-bf0d-71fb8465b080', 'Admin', NOW()),
	('559f0844-ef9b-4ed7-bf0d-71fb8465o281', 'Netral', '3', '559f0844-ef9b-4ed7-bf0d-71fb8465b081', 'Admin', NOW()),
	('559f0844-ef9b-4ed7-bf0d-71fb8465o282', 'Netral', '3', '559f0844-ef9b-4ed7-bf0d-71fb8465b082', 'Admin', NOW()),
	('559f0844-ef9b-4ed7-bf0d-71fb8465o283', 'Netral', '3', '559f0844-ef9b-4ed7-bf0d-71fb8465b083', 'Admin', NOW()),
	('559f0844-ef9b-4ed7-bf0d-71fb8465o284', 'Netral', '3', '559f0844-ef9b-4ed7-bf0d-71fb8465b084', 'Admin', NOW()),
	('559f0844-ef9b-4ed7-bf0d-71fb8465o285', 'Netral', '3', '559f0844-ef9b-4ed7-bf0d-71fb8465b085', 'Admin', NOW()),
	('559f0844-ef9b-4ed7-bf0d-71fb8465o286', 'Netral', '3', '559f0844-ef9b-4ed7-bf0d-71fb8465b086', 'Admin', NOW()),
	('559f0844-ef9b-4ed7-bf0d-71fb8465o287', 'Netral', '3', '559f0844-ef9b-4ed7-bf0d-71fb8465b087', 'Admin', NOW()),
	('559f0844-ef9b-4ed7-bf0d-71fb8465o288', 'Netral', '3', '559f0844-ef9b-4ed7-bf0d-71fb8465b088', 'Admin', NOW()),
	('559f0844-ef9b-4ed7-bf0d-71fb8465o289', 'Netral', '3', '559f0844-ef9b-4ed7-bf0d-71fb8465b089', 'Admin', NOW()),
	('559f0844-ef9b-4ed7-bf0d-71fb8465o290', 'Netral', '3', '559f0844-ef9b-4ed7-bf0d-71fb8465b090', 'Admin', NOW()),
	('559f0844-ef9b-4ed7-bf0d-71fb8465o291', 'Netral', '3', '559f0844-ef9b-4ed7-bf0d-71fb8465b091', 'Admin', NOW()),
	('559f0844-ef9b-4ed7-bf0d-71fb8465o292', 'Netral', '3', '559f0844-ef9b-4ed7-bf0d-71fb8465b092', 'Admin', NOW()),
	('559f0844-ef9b-4ed7-bf0d-71fb8465o293', 'Netral', '3', '559f0844-ef9b-4ed7-bf0d-71fb8465b093', 'Admin', NOW()),
	('559f0844-ef9b-4ed7-bf0d-71fb8465o294', 'Netral', '3', '559f0844-ef9b-4ed7-bf0d-71fb8465b094', 'Admin', NOW()),
	('559f0844-ef9b-4ed7-bf0d-71fb8465o295', 'Netral', '3', '559f0844-ef9b-4ed7-bf0d-71fb8465b095', 'Admin', NOW()),
	('559f0844-ef9b-4ed7-bf0d-71fb8465o296', 'Netral', '3', '559f0844-ef9b-4ed7-bf0d-71fb8465b096', 'Admin', NOW()),
	('559f0844-ef9b-4ed7-bf0d-71fb8465o297', 'Netral', '3', '559f0844-ef9b-4ed7-bf0d-71fb8465b097', 'Admin', NOW()),
	('559f0844-ef9b-4ed7-bf0d-71fb8465o298', 'Netral', '3', '559f0844-ef9b-4ed7-bf0d-71fb8465b098', 'Admin', NOW()),
	('559f0844-ef9b-4ed7-bf0d-71fb8465o299', 'Netral', '3', '559f0844-ef9b-4ed7-bf0d-71fb8465b099', 'Admin', NOW()),
	('559f0844-ef9b-4ed7-bf0d-71fb8465o300', 'Netral', '3', '559f0844-ef9b-4ed7-bf0d-71fb8465b100', 'Admin', NOW());
